-- phpMyAdmin SQL Dump
-- version 5.0.2
-- https://www.phpmyadmin.net/
--
-- Host: 127.0.0.1
-- Generation Time: Feb 20, 2021 at 09:23 PM
-- Server version: 10.4.13-MariaDB
-- PHP Version: 7.4.7

SET SQL_MODE = "NO_AUTO_VALUE_ON_ZERO";
START TRANSACTION;
SET time_zone = "+00:00";


/*!40101 SET @OLD_CHARACTER_SET_CLIENT=@@CHARACTER_SET_CLIENT */;
/*!40101 SET @OLD_CHARACTER_SET_RESULTS=@@CHARACTER_SET_RESULTS */;
/*!40101 SET @OLD_COLLATION_CONNECTION=@@COLLATION_CONNECTION */;
/*!40101 SET NAMES utf8mb4 */;

--
-- Database: `pingfah`
--

-- --------------------------------------------------------

--
-- Table structure for table `air_gal`
--

CREATE TABLE `air_gal` (
  `gal_id` int(11) NOT NULL,
  `gal_name` varchar(200) NOT NULL
) ENGINE=InnoDB DEFAULT CHARSET=utf8;

--
-- Dumping data for table `air_gal`
--

INSERT INTO `air_gal` (`gal_id`, `gal_name`) VALUES
(1, 'GOPR1568.JPG'),
(2, 'GOPR1569.JPG'),
(3, 'GOPR1571.JPG'),
(4, 'GOPR1570.JPG');

-- --------------------------------------------------------

--
-- Table structure for table `appeal`
--

CREATE TABLE `appeal` (
  `appeal_id` int(11) NOT NULL,
  `member_id` int(11) NOT NULL,
  `room_id` varchar(200) NOT NULL,
  `appeal_topic` varchar(200) NOT NULL,
  `appeal_detail` varchar(200) NOT NULL,
  `appeal_date` varchar(200) NOT NULL
) ENGINE=InnoDB DEFAULT CHARSET=utf8;

--
-- Dumping data for table `appeal`
--

INSERT INTO `appeal` (`appeal_id`, `member_id`, `room_id`, `appeal_topic`, `appeal_detail`, `appeal_date`) VALUES
(1, 0, '201', 'ข้างห้องเสียงดัง', 'รบกวนตักเตือนให้ด้วย !!', '2020-12-21'),
(2, 0, '201', 'ขยะหน้าทางเดิน', 'ห้องอื่นเอาขยะมาไว้หน้าห้อง รบกวนช่วยแก้ไขด้วย', '2020-12-21'),
(3, 0, '203', 'ขยะส่งกลิ่นเหม็น', 'ขยะหน้าหอพัก ส่งกลิ่นเหม็นมาก', '2020-12-21'),
(4, 0, '207', 'ประตูหอพักสแกนไม่ติดบางครั้ง', 'ใช้คีย์การ์ดสแกนไม่ค่อยได้ ', '2020-12-21'),
(6, 98, '203', 'พนักงานทำตัวไม่เหมาะสม', 'ผมเห็นพนักงานแอบถุ๋ยน้ำลายลงพื้นหน้าห้องของผม 2 รอบแล้วครับ', '2021-02-15');

-- --------------------------------------------------------

--
-- Table structure for table `cost`
--

CREATE TABLE `cost` (
  `cost_id` int(11) NOT NULL,
  `member_id` int(11) NOT NULL,
  `room_id` varchar(10) NOT NULL,
  `room_type` varchar(10) NOT NULL,
  `cost_status` varchar(20) NOT NULL,
  `date` varchar(20) NOT NULL,
  `pay_date` varchar(20) DEFAULT NULL,
  `room_cost` float(11,2) NOT NULL,
  `water_bill` float(11,2) NOT NULL,
  `elec_bill` float(11,2) NOT NULL,
  `cable_charge` float(11,2) NOT NULL,
  `fines` float(11,2) DEFAULT NULL,
  `deposit_after` float(11,2) DEFAULT NULL,
  `total` float(11,2) NOT NULL,
  `pay_img` varchar(50) DEFAULT NULL
) ENGINE=InnoDB DEFAULT CHARSET=utf8;

--
-- Dumping data for table `cost`
--

INSERT INTO `cost` (`cost_id`, `member_id`, `room_id`, `room_type`, `cost_status`, `date`, `pay_date`, `room_cost`, `water_bill`, `elec_bill`, `cable_charge`, `fines`, `deposit_after`, `total`, `pay_img`) VALUES
(1, 0, '201', 'แอร์', 'ชำระเงินแล้ว', '2020-12', '2020-01-06', 2700.00, 80.00, 570.00, 105.00, 150.00, NULL, 3605.00, NULL),
(2, 6, '202', 'แอร์', 'ชำระเงินแล้ว', '2020-12', '2020-01-02', 2700.00, 80.00, 375.00, 105.00, NULL, NULL, 3260.00, 'PosterPingfah.png'),
(3, 0, '203', 'แอร์', 'ชำระเงินแล้ว', '2020-12', '2021-01-22', 2700.00, 80.00, 600.00, 105.00, 150.00, NULL, 3485.00, NULL),
(4, 0, '204', 'แอร์', 'ชำระเงินแล้ว', '2020-12', '2021-12-31', 2700.00, 80.00, 315.00, 105.00, NULL, NULL, 3200.00, NULL),
(5, 0, '207', 'พัดลม', 'ชำระเงินแล้ว', '2020-12', '2020-12-31', 2300.00, 80.00, 225.00, 105.00, NULL, NULL, 2710.00, NULL),
(7, 0, '201', 'แอร์', 'รอการชำระเงิน', '2021-01', NULL, 2700.00, 160.00, 315.00, 105.00, NULL, NULL, 3280.00, NULL),
(8, 6, '202', 'แอร์', 'ชำระเงินแล้ว', '2021-01', '2021-02-10', 2700.00, 50.00, 315.00, 90.00, NULL, NULL, 3155.00, NULL),
(10, 6, '202', 'แอร์', 'รอการชำระเงิน', '2021-02', NULL, 2700.00, 80.00, 468.00, 105.00, NULL, NULL, 3353.00, NULL),
(12, 5, '201', 'แอร์', 'รอการชำระเงิน', '2021-02', NULL, 2700.00, 160.00, 320.00, 105.00, NULL, NULL, 3285.00, NULL),
(15, 98, '203', 'แอร์', 'รอการชำระเงิน', '2021-02', NULL, 2700.00, 80.00, 400.00, 105.00, NULL, NULL, 3285.00, '71nsvxFpSTL._AC_SL1200_.jpg');

-- --------------------------------------------------------

--
-- Table structure for table `daily`
--

CREATE TABLE `daily` (
  `daily_id` int(11) NOT NULL,
  `name_title` varchar(10) NOT NULL,
  `firstname` varchar(200) NOT NULL,
  `lastname` varchar(200) NOT NULL,
  `id_card` varchar(200) NOT NULL,
  `email` varchar(200) NOT NULL,
  `tel` varchar(200) NOT NULL,
  `code` varchar(200) NOT NULL,
  `check_in` varchar(200) NOT NULL,
  `check_out` varchar(200) NOT NULL,
  `night` int(2) NOT NULL,
  `people` int(2) NOT NULL,
  `air_room` int(2) NOT NULL,
  `fan_room` int(2) NOT NULL,
  `daily_status` varchar(200) NOT NULL,
  `total_room_price` float(11,2) NOT NULL,
  `vat` float(11,2) NOT NULL,
  `total_price` float(11,2) NOT NULL,
  `payment_price` float(11,2) NOT NULL,
  `payment_img` varchar(200) DEFAULT NULL,
  `warning_date` varchar(20) DEFAULT NULL,
  `room_select` varchar(200) DEFAULT NULL
) ENGINE=InnoDB DEFAULT CHARSET=utf8;

--
-- Dumping data for table `daily`
--

INSERT INTO `daily` (`daily_id`, `name_title`, `firstname`, `lastname`, `id_card`, `email`, `tel`, `code`, `check_in`, `check_out`, `night`, `people`, `air_room`, `fan_room`, `daily_status`, `total_room_price`, `vat`, `total_price`, `payment_price`, `payment_img`, `warning_date`, `room_select`) VALUES
(4, 'นาย', 'พงศธร', 'สร้อยอินต๊ะ', '5556667778889', 'blackfrostier@gmail.com', '2255889944', 'AIRSST2301589', '2021-01-23', '2021-01-24', 1, 2, 2, 0, 'เช็คเอาท์แล้ว', 0.00, 0.00, 749.00, 600.00, NULL, NULL, '307, 308'),
(5, 'นางสาว', 'นวพล', 'นรเดชานันท์', '1509966011521', 'blackfrostier@gmail.com', '0956722914', 'FANKW32301572', '2021-01-23', '2021-01-24', 1, 1, 0, 1, 'ยกเลิกการจอง', 0.00, 0.00, 268.00, 300.00, NULL, NULL, NULL),
(6, 'นาย', 'นวพล', 'นรเดชานันท์', '1509966011521', 'blackfrostier@gmail.com', '0956722914', 'AIRCQR2401572', '2021-01-24', '2021-01-25', 1, 1, 1, 0, 'เช็คเอาท์แล้ว', 0.00, 0.00, 375.00, 300.00, '115829682_3345399482178668_7710700474312287945_o.jpg', NULL, '305'),
(7, 'นางสาว', 'สุภิศรา', 'เตชนันท์', '5556667778889', 'blackfrostier@gmail.com', '0620477145', 'FANPHP2401247', '2021-01-24', '2021-01-25', 1, 1, 0, 1, 'ยกเลิกการจอง', 0.00, 0.00, 268.00, 300.00, NULL, NULL, NULL),
(8, 'นาง', 'นวพล', 'นรเดชานันท์', '1509966011521', 'blackfrostier@gmail.com', '0956722914', 'AIRGRI2601572', '2021-01-26', '2021-01-27', 1, 1, 1, 0, 'ยกเลิกการจอง', 0.00, 0.00, 375.00, 300.00, NULL, NULL, NULL),
(9, 'นาง', 'สุภิศรา', 'เตชนันท์', '5556667778889', 'blackfrostier@gmail.com', '0620477145', 'FANGC02601247', '2021-01-26', '2021-01-27', 1, 1, 0, 1, 'ยกเลิกการจอง', 0.00, 0.00, 268.00, 300.00, 'bill.jpg', NULL, NULL),
(14, 'นางสาว', 'สุภิศรา', 'เตชนันท์', '1509966011521', 'supisra45.30@gmail.com', '0956722914', 'AIR4MS0602572', '2021-02-06', '2021-02-07', 1, 1, 1, 0, 'ยกเลิกการจอง', 350.00, 7.00, 374.50, 300.00, 'bill.jpg', NULL, NULL),
(16, 'นาย', 'เกมน้อย', 'คอยรัก', '4445556667778', 'blackfrostier@gmail.com', '0956722914', 'AIRDY40902572', '2021-02-09', '2021-02-10', 1, 1, 1, 0, 'เช็คเอาท์แล้ว', 350.00, 7.00, 374.50, 300.00, '142906610_1911442075675453_1437220862087929639_n.jpg', NULL, '307'),
(18, 'นาย', 'สุภิศรา', 'เตชนันท์', '5556667778889', 'blackfrostier@gmail.com', '0620477145', 'AIRRZ31002247', '2021-02-10', '2021-02-12', 2, 1, 1, 0, 'เช็คเอาท์แล้ว', 700.00, 7.00, 749.00, 300.00, '143226403_1116820225408684_8871972092969217079_n.jpg', NULL, '305'),
(19, 'นาย', 'นวพล', 'นรเดชานันท์', '1509966011521', 'blackfrostier@gmail.com', '0956722914', 'AIRLFO1702572', '2021-02-17', '2021-02-18', 1, 1, 1, 0, 'เช็คเอาท์แล้ว', 350.00, 7.00, 375.00, 300.00, 'bill.jpg', NULL, '305'),
(29, 'นาย', 'คอตต้อน', 'กระต่ายป่า', '2225554448888', 'cotton@gmail.com', '2220003333', 'AIRD5T2102203', '2021-02-21', '2021-02-22', 1, 1, 1, 0, 'รอการยืนยัน', 350.00, 7.00, 375.00, 300.00, '115829682_3345399482178668_7710700474312287945_o.jpg', NULL, NULL),
(30, 'นาย', 'คอตต้อน', 'กระต่ายป่า', '2225554448888', 'cotton@gmail.com', '2220003333', 'AIR57O2102203', '2021-02-21', '2021-02-22', 1, 1, 1, 0, 'รอการยืนยัน', 350.00, 7.00, 375.00, 300.00, '115829682_3345399482178668_7710700474312287945_o.jpg', NULL, NULL);

-- --------------------------------------------------------

--
-- Table structure for table `dailycost`
--

CREATE TABLE `dailycost` (
  `dailycost_id` int(11) NOT NULL,
  `code` varchar(13) NOT NULL,
  `damages` float(11,2) DEFAULT NULL,
  `total_allprice` float(11,2) NOT NULL,
  `pay_status` varchar(20) NOT NULL,
  `pay_img` varchar(100) DEFAULT NULL,
  `payafter_d_img` varchar(100) DEFAULT NULL
) ENGINE=InnoDB DEFAULT CHARSET=utf8;

--
-- Dumping data for table `dailycost`
--

INSERT INTO `dailycost` (`dailycost_id`, `code`, `damages`, `total_allprice`, `pay_status`, `pay_img`, `payafter_d_img`) VALUES
(4, '', NULL, 749.00, 'ชำระเงินแล้ว', 'bill.jpg', NULL),
(6, '', NULL, 375.00, 'ชำระเงินแล้ว', NULL, NULL),
(16, 'AIRDY40902572', 150.00, 524.50, 'ชำระเงินแล้ว', '142906610_1911442075675453_1437220862087929639_n.jpg', '143226403_1116820225408684_8871972092969217079_n.jpg'),
(18, 'AIRRZ31002247', 200.00, 949.00, 'ชำระเงินแล้ว', 'wallpaperflare.com_wallpaper.jpg', 'kda-more-kaisa-ahri-lol-uhdpaper.com-hd-8.721.jpg'),
(19, 'AIRLFO1702572', 0.00, 375.00, 'ชำระเงินแล้ว', '71nsvxFpSTL._AC_SL1200_.jpg', NULL);

-- --------------------------------------------------------

--
-- Table structure for table `employee`
--

CREATE TABLE `employee` (
  `employee_id` int(11) NOT NULL,
  `come_date` varchar(20) NOT NULL,
  `out_date` varchar(20) DEFAULT NULL,
  `employee_status` varchar(20) NOT NULL,
  `title_name` varchar(200) NOT NULL,
  `firstname` varchar(200) NOT NULL,
  `lastname` varchar(200) NOT NULL,
  `nickname` varchar(200) NOT NULL,
  `position` varchar(200) NOT NULL,
  `id_card` varchar(200) NOT NULL,
  `tel` varchar(200) NOT NULL,
  `email` varchar(200) NOT NULL,
  `birthday` varchar(200) NOT NULL,
  `age` int(11) NOT NULL,
  `race` varchar(200) NOT NULL,
  `nationality` varchar(200) NOT NULL,
  `address` varchar(200) NOT NULL,
  `pic_idcard` varchar(200) NOT NULL,
  `pic_home` varchar(200) NOT NULL,
  `profile_img` varchar(200) NOT NULL
) ENGINE=InnoDB DEFAULT CHARSET=utf8;

--
-- Dumping data for table `employee`
--

INSERT INTO `employee` (`employee_id`, `come_date`, `out_date`, `employee_status`, `title_name`, `firstname`, `lastname`, `nickname`, `position`, `id_card`, `tel`, `email`, `birthday`, `age`, `race`, `nationality`, `address`, `pic_idcard`, `pic_home`, `profile_img`) VALUES
(37, '2021-01-06', '2021-01-06', 'ลาออก', 'นาย', 'นวพล', 'นรเดชานันท์', 'เกม', 'employee', '1509966011521', '0956722914', 'blackfrostier@gmail.com', '1997-12-21', 23, 'ไทย', 'ไทย', '140/40 หมู่ 2 ต.หนองป่าครั่ง อ.เมือง จ.เชียงใหม่ 50000', '404365.jpg', 'ข้อเสนอแนะบ้านพักพิงฟ้า.jpg', '404570.jpg'),
(46, '2021-02-19', NULL, 'กำลังทำงาน', 'นาย', 'นวพล', 'นรเดชานันท์', 'เกม', 'admin', '1509966011521', '0956722914', 'blackfrostier@gmail.com', '1998-12-21', 22, 'ไทย', 'ไทย', '140/40 หมู่ 2 ต.หนองป่าครั่ง อ.เมือง จ.เชียงใหม่ 50000', '404570.jpg', 'รูป1นิ้ว.jpg', '115774657_3345395698845713_2446905765721859802_o.jpg');

-- --------------------------------------------------------

--
-- Table structure for table `fan_gal`
--

CREATE TABLE `fan_gal` (
  `gal_id` int(11) NOT NULL,
  `gal_name` varchar(200) NOT NULL
) ENGINE=InnoDB DEFAULT CHARSET=utf8;

--
-- Dumping data for table `fan_gal`
--

INSERT INTO `fan_gal` (`gal_id`, `gal_name`) VALUES
(5, 'GOPR1575.JPG'),
(6, 'GOPR1576.JPG'),
(7, 'GOPR1577.JPG'),
(9, 'GOPR1578.JPG');

-- --------------------------------------------------------

--
-- Table structure for table `gallery`
--

CREATE TABLE `gallery` (
  `gallery_id` int(11) NOT NULL,
  `gallery_name` varchar(200) NOT NULL
) ENGINE=InnoDB DEFAULT CHARSET=utf8;

--
-- Dumping data for table `gallery`
--

INSERT INTO `gallery` (`gallery_id`, `gallery_name`) VALUES
(7, 'GOPR1582.JPG'),
(8, 'GOPR1554.JPG'),
(9, 'GOPR1580.JPG'),
(10, 'GOPR1581.JPG'),
(11, 'GOPR1559.JPG'),
(12, 'GOPR1560.JPG'),
(13, 'GOPR1561.JPG'),
(18, 'GOPR1579.JPG'),
(19, 'GOPR1564.JPG'),
(20, 'GOPR1565.JPG'),
(21, 'GOPR1566.JPG'),
(22, 'GOPR1567.JPG'),
(23, 'GOPR1572.JPG'),
(24, 'GOPR1574.JPG');

-- --------------------------------------------------------

--
-- Table structure for table `login`
--

CREATE TABLE `login` (
  `username` varchar(200) NOT NULL,
  `member_id` int(11) DEFAULT NULL,
  `name` varchar(200) NOT NULL,
  `password` varchar(200) NOT NULL,
  `email` varchar(200) NOT NULL,
  `level` varchar(200) NOT NULL
) ENGINE=InnoDB DEFAULT CHARSET=utf8;

--
-- Dumping data for table `login`
--

INSERT INTO `login` (`username`, `member_id`, `name`, `password`, `email`, `level`) VALUES
('201', NULL, '201', '69dc9752738ca52de4c6c0b7ce718e08', 'mrdudu@gmail.com', 'guest'),
('202', NULL, '202', '475e1c39acbf5b4aff05495b8c1d18f5', 'supisra45.30@gmail.com', 'guest'),
('203', 98, '203', 'a8b23806e5b9da282824bf51bd1e3cde', 'seagame_prc@hotmail.com', 'guest'),
('admin', NULL, 'admin', '81dc9bdb52d04dc20036dbd8313ed055', '', 'admin'),
('blackfrostier@gmail.com', NULL, 'นวพล', 'ef16b5fe40a49934ad40c0b059090b14', 'blackfrostier@gmail.com', 'admin');

-- --------------------------------------------------------

--
-- Table structure for table `logs`
--

CREATE TABLE `logs` (
  `log_id` int(11) NOT NULL,
  `log_timestamp` timestamp NOT NULL DEFAULT current_timestamp() ON UPDATE current_timestamp(),
  `log_topic` varchar(50) NOT NULL,
  `log_detail` varchar(100) NOT NULL,
  `log_name` varchar(20) NOT NULL,
  `log_position` varchar(20) NOT NULL
) ENGINE=InnoDB DEFAULT CHARSET=utf8;

--
-- Dumping data for table `logs`
--

INSERT INTO `logs` (`log_id`, `log_timestamp`, `log_topic`, `log_detail`, `log_name`, `log_position`) VALUES
(8, '2021-01-26 18:28:40', 'พนักงาน', 'เพิ่มข้อมูลพนักงาน (นายบราวนี คอตต้อน)', 'admin', 'admin'),
(9, '2021-01-26 18:27:53', 'พนักงาน', 'ลบข้อมูลพนักงาน (นายบราวนี คอตต้อน)', 'admin', 'admin'),
(10, '2021-01-26 18:36:26', 'พนักงาน', 'เพิ่มข้อมูลพนักงาน (นายคอตต้อน บราวนี)', 'admin', 'admin'),
(11, '2021-01-26 18:52:46', 'พนักงาน', 'แก้ไขข้อมูลพนักงาน (นายคอตต้อน บราวนี)', 'admin', 'admin'),
(12, '2021-01-26 18:53:05', 'พนักงาน', 'แก้ไขข้อมูลพนักงาน (นายคอตต้อน บราวนี)', 'admin', 'admin'),
(13, '2021-01-26 18:53:14', 'พนักงาน', 'เปลี่ยนสถานะเป็น ลาออก (นายคอตต้อน บราวนี)', 'admin', 'admin'),
(14, '2021-01-26 18:54:00', 'พนักงาน', 'เปลี่ยนสถานะเป็น ลาออก (นายคอตต้อน บราวนี)', 'admin', 'admin'),
(15, '2021-01-26 18:54:08', 'พนักงาน', 'เปลี่ยนสถานะเป็น ลาออก (นายคอตต้อน บราวนี)', 'admin', 'admin'),
(16, '2021-01-26 18:54:31', 'พนักงาน', 'ลบข้อมูลพนักงาน (นายคอตต้อน บราวนี)', 'admin', 'admin'),
(17, '2021-01-28 09:00:28', 'พนักงาน', 'ลบรูปภาพประจำตัว (นางสาวสุภิศรา เตชนันท์)', 'admin', 'admin'),
(18, '2021-01-28 09:32:01', 'พนักงาน', 'แก้ไขข้อมูลพนักงาน (นางสาวสุภิศรา เตชนันท์)', 'admin', 'admin'),
(19, '2021-01-28 10:14:12', 'พนักงาน', 'แก้ไขข้อมูลพนักงาน (นางสาวสุภิศรา เตชนันท์)', 'admin', 'admin'),
(20, '2021-01-28 10:15:36', 'พนักงาน', 'แก้ไขข้อมูลพนักงาน (นางสาวสุภิศรา เตชนันท์)', 'admin', 'admin'),
(21, '2021-01-28 10:16:26', 'พนักงาน', 'แก้ไขข้อมูลพนักงาน (นางสาวสุภิศรา เตชนันท์)', 'admin', 'admin'),
(22, '2021-01-28 10:22:56', 'พนักงาน', 'แก้ไขข้อมูลพนักงาน (นางสาวสุภิศรา เตชนันท์)', 'admin', 'admin'),
(23, '2021-01-28 10:28:17', 'พนักงาน', 'แก้ไขข้อมูลพนักงาน (นางสาวสุภิศรา เตชนันท์)', 'admin', 'admin'),
(24, '2021-01-28 10:28:52', 'พนักงาน', 'แก้ไขข้อมูลพนักงาน (นางสาวสุภิศรา เตชนันท์)', 'admin', 'admin'),
(75, '2021-02-03 09:17:36', 'ข้อมูลหอพัก', 'แก้ไขข้อมูลห้องพัก (ห้องพัดลม)', 'admin', 'admin'),
(76, '2021-02-03 09:17:50', 'ข้อมูลหอพัก', 'แก้ไขข้อมูลห้องพัก (ห้องแอร์)', 'admin', 'admin'),
(79, '2021-02-03 09:19:47', 'ข้อมูลหอพัก', 'เพิ่มรูปภาพ 143226403_1116820225408684_8871972092969217079_n.jpg (ห้องแอร์)', 'admin', 'admin'),
(80, '2021-02-03 09:20:01', 'ข้อมูลหอพัก', 'ลบรูปภาพ 143226403_1116820225408684_8871972092969217079_n.jpg (ห้องแอร์)', 'admin', 'admin'),
(81, '2021-02-03 09:30:20', 'แกลลอรี่', 'เพิ่มรูปภาพ 143226403_1116820225408684_8871972092969217079_n.jpg', 'admin', 'admin'),
(82, '2021-02-03 09:30:25', 'แกลลอรี่', 'เพิ่มรูปภาพ 143226403_1116820225408684_8871972092969217079_n.jpg', 'admin', 'admin'),
(83, '2021-02-03 09:30:28', 'แกลลอรี่', 'ลบรูปภาพ ', 'admin', 'admin'),
(84, '2021-02-03 09:30:36', 'แกลลอรี่', 'เพิ่มรูปภาพ 142906610_1911442075675453_1437220862087929639_n.jpg', 'admin', 'admin'),
(85, '2021-02-03 09:30:40', 'แกลลอรี่', 'เพิ่มรูปภาพ 143226403_1116820225408684_8871972092969217079_n.jpg', 'admin', 'admin'),
(86, '2021-02-03 09:30:43', 'แกลลอรี่', 'ลบรูปภาพ ', 'admin', 'admin'),
(87, '2021-02-03 09:32:12', 'แกลลอรี่', 'เพิ่มรูปภาพ 142906610_1911442075675453_1437220862087929639_n.jpg', 'admin', 'admin'),
(88, '2021-02-03 09:32:23', 'แกลลอรี่', 'เพิ่มรูปภาพ 142906610_1911442075675453_1437220862087929639_n.jpg', 'admin', 'admin'),
(89, '2021-02-03 09:35:35', 'แกลลอรี่', 'ลบรูปภาพ ', 'admin', 'admin'),
(90, '2021-02-03 09:35:40', 'แกลลอรี่', 'ลบรูปภาพ ', 'admin', 'admin'),
(91, '2021-02-03 09:35:49', 'แกลลอรี่', 'เพิ่มรูปภาพ 142906610_1911442075675453_1437220862087929639_n.jpg', 'admin', 'admin'),
(92, '2021-02-03 09:35:52', 'แกลลอรี่', 'ลบรูปภาพ ', 'admin', 'admin'),
(93, '2021-02-03 09:35:57', 'แกลลอรี่', 'ลบรูปภาพ ', 'admin', 'admin'),
(94, '2021-02-03 09:36:00', 'แกลลอรี่', 'ลบรูปภาพ ', 'admin', 'admin'),
(95, '2021-02-03 09:37:15', 'ข้อมูลหอพัก', 'เพิ่มรูปภาพ 143226403_1116820225408684_8871972092969217079_n.jpg (ห้องพัดลม)', 'admin', 'admin'),
(96, '2021-02-03 09:37:19', 'ข้อมูลหอพัก', 'เพิ่มรูปภาพ 142906610_1911442075675453_1437220862087929639_n.jpg (ห้องพัดลม)', 'admin', 'admin'),
(97, '2021-02-03 09:37:24', 'ข้อมูลหอพัก', 'เพิ่มรูปภาพ 143226403_1116820225408684_8871972092969217079_n.jpg (ห้องพัดลม)', 'admin', 'admin'),
(98, '2021-02-03 09:37:27', 'ข้อมูลหอพัก', 'ลบรูปภาพ 143226403_1116820225408684_8871972092969217079_n.jpg (ห้องพัดลม)', 'admin', 'admin'),
(99, '2021-02-03 09:37:32', 'ข้อมูลหอพัก', 'ลบรูปภาพ 143226403_1116820225408684_8871972092969217079_n.jpg (ห้องพัดลม)', 'admin', 'admin'),
(100, '2021-02-03 09:37:35', 'ข้อมูลหอพัก', 'ลบรูปภาพ 142906610_1911442075675453_1437220862087929639_n.jpg (ห้องพัดลม)', 'admin', 'admin'),
(101, '2021-02-03 09:38:23', 'แกลลอรี่', 'เพิ่มรูปภาพ 143226403_1116820225408684_8871972092969217079_n.jpg', 'admin', 'admin'),
(102, '2021-02-03 09:38:30', 'แกลลอรี่', 'ลบรูปภาพ 143226403_1116820225408684_8871972092969217079_n.jpg', 'admin', 'admin'),
(103, '2021-02-03 16:06:25', 'ข้อมูลหอพัก', 'แก้ไขข้อมูลห้องพัก (ห้องพัดลม)', 'สุภิศรา', 'employee'),
(104, '2021-02-03 16:58:46', 'ข้อมูลหอพัก', 'เพิ่มรูปภาพ 143226403_1116820225408684_8871972092969217079_n.jpg (ห้องพัดลม)', 'สุภิศรา', 'employee'),
(105, '2021-02-03 16:58:56', 'ข้อมูลหอพัก', 'ลบรูปภาพ 143226403_1116820225408684_8871972092969217079_n.jpg (ห้องพัดลม)', 'สุภิศรา', 'employee'),
(106, '2021-02-03 17:05:15', 'แกลเลอรี่', 'เพิ่มรูปภาพ 143226403_1116820225408684_8871972092969217079_n.jpg', 'สุภิศรา', 'employee'),
(107, '2021-02-03 17:05:21', 'แกลเลอรี่', 'ลบรูปภาพ 143226403_1116820225408684_8871972092969217079_n.jpg', 'สุภิศรา', 'employee'),
(108, '2021-02-04 08:55:12', 'ข้อมูลหอพัก', 'แก้ไขข้อมูลห้องพัก (ห้องแอร์)', 'admin', 'admin'),
(109, '2021-02-04 14:17:18', 'ข้อมูลหอพัก', 'แก้ไขภาษีมูลค่าเพิ่ม (VAT)', 'admin', 'admin'),
(110, '2021-02-04 15:49:00', 'ข้อมูลหอพัก', 'แก้ไขรายละเอียดการชำระเงิน (PromptPay)', 'admin', 'admin'),
(111, '2021-02-04 15:49:34', 'ข้อมูลหอพัก', 'แก้ไขรายละเอียดการชำระเงิน (PromptPay)', 'admin', 'admin'),
(112, '2021-02-04 15:51:44', 'ข้อมูลหอพัก', 'แก้ไขรายละเอียดการชำระเงิน (PromptPay)', 'admin', 'admin'),
(113, '2021-02-04 15:52:59', 'ข้อมูลหอพัก', 'แก้ไขรายละเอียดการชำระเงิน (PromptPay)', 'admin', 'admin'),
(114, '2021-02-04 15:54:10', 'ข้อมูลหอพัก', 'แก้ไขรายละเอียดการชำระเงิน (PromptPay)', 'admin', 'admin'),
(115, '2021-02-04 15:54:22', 'ข้อมูลหอพัก', 'แก้ไขรายละเอียดการชำระเงิน (PromptPay)', 'admin', 'admin'),
(116, '2021-02-04 15:56:40', 'ข้อมูลหอพัก', 'แก้ไขรายละเอียดการชำระเงิน (PromptPay)', 'admin', 'admin'),
(117, '2021-02-04 15:59:30', 'ข้อมูลหอพัก', 'แก้ไขรายละเอียดการชำระเงิน (PromptPay)', 'admin', 'admin'),
(118, '2021-02-04 15:59:48', 'ข้อมูลหอพัก', 'แก้ไขรายละเอียดการชำระเงิน (PromptPay)', 'admin', 'admin'),
(119, '2021-02-04 16:00:14', 'ข้อมูลหอพัก', 'แก้ไขรายละเอียดการชำระเงิน (PromptPay)', 'admin', 'admin'),
(120, '2021-02-04 16:00:40', 'ข้อมูลหอพัก', 'แก้ไขรายละเอียดการชำระเงิน (PromptPay)', 'admin', 'admin'),
(121, '2021-02-04 16:01:37', 'ข้อมูลหอพัก', 'แก้ไขรายละเอียดการชำระเงิน (PromptPay)', 'admin', 'admin'),
(122, '2021-02-04 16:03:00', 'ข้อมูลหอพัก', 'แก้ไขรายละเอียดการชำระเงิน (PromptPay)', 'admin', 'admin'),
(123, '2021-02-04 16:03:20', 'ข้อมูลหอพัก', 'แก้ไขรายละเอียดการชำระเงิน (PromptPay)', 'admin', 'admin'),
(124, '2021-02-04 16:05:32', 'ข้อมูลหอพัก', 'แก้ไขรายละเอียดการชำระเงิน (PromptPay)', 'admin', 'admin'),
(125, '2021-02-04 16:06:13', 'ข้อมูลหอพัก', 'แก้ไขรายละเอียดการชำระเงิน (PromptPay)', 'admin', 'admin'),
(126, '2021-02-04 16:10:38', 'รายการห้องพัก', 'เพิ่มห้องพัก(ห้อง 401)', 'admin', 'admin'),
(127, '2021-02-04 16:12:22', 'ข้อมูลหอพัก', 'แก้ไขรายละเอียดการชำระเงิน (PromptPay)', 'admin', 'admin'),
(128, '2021-02-04 16:12:51', 'ข้อมูลหอพัก', 'แก้ไขรายละเอียดการชำระเงิน (PromptPay)', 'admin', 'admin'),
(129, '2021-02-04 16:13:18', 'ข้อมูลหอพัก', 'แก้ไขรายละเอียดการชำระเงิน (PromptPay)', 'admin', 'admin'),
(130, '2021-02-04 16:14:07', 'ข้อมูลหอพัก', 'แก้ไขรายละเอียดการชำระเงิน (PromptPay)', 'admin', 'admin'),
(131, '2021-02-04 16:15:00', 'ข้อมูลหอพัก', 'แก้ไขรายละเอียดการชำระเงิน (PromptPay)', 'admin', 'admin'),
(132, '2021-02-04 16:15:28', 'ข้อมูลหอพัก', 'แก้ไขรายละเอียดการชำระเงิน (PromptPay)', 'admin', 'admin'),
(133, '2021-02-04 16:16:07', 'ข้อมูลหอพัก', 'แก้ไขรายละเอียดการชำระเงิน (PromptPay)', 'admin', 'admin'),
(134, '2021-02-04 16:20:54', 'ข้อมูลหอพัก', 'แก้ไขรายละเอียดการชำระเงิน (PromptPay)', 'admin', 'admin'),
(135, '2021-02-04 16:23:03', 'ข้อมูลหอพัก', 'แก้ไขรายละเอียดการชำระเงิน (PromptPay)', 'admin', 'admin'),
(136, '2021-02-04 16:23:08', 'ข้อมูลหอพัก', 'แก้ไขรายละเอียดการชำระเงิน (PromptPay)', 'admin', 'admin'),
(137, '2021-02-04 16:24:46', 'ข้อมูลหอพัก', 'แก้ไขรายละเอียดการชำระเงิน (PromptPay)', 'admin', 'admin'),
(138, '2021-02-04 16:24:55', 'ข้อมูลหอพัก', 'แก้ไขรายละเอียดการชำระเงิน (PromptPay)', 'admin', 'admin'),
(139, '2021-02-04 16:25:12', 'ข้อมูลหอพัก', 'แก้ไขรายละเอียดการชำระเงิน (PromptPay)', 'admin', 'admin'),
(140, '2021-02-04 16:25:53', 'ข้อมูลหอพัก', 'แก้ไขรายละเอียดการชำระเงิน (PromptPay)', 'admin', 'admin'),
(141, '2021-02-04 16:26:38', 'ข้อมูลหอพัก', 'แก้ไขรายละเอียดการชำระเงิน (PromptPay)', 'admin', 'admin'),
(142, '2021-02-04 16:31:56', 'ข้อมูลหอพัก', 'แก้ไขรายละเอียดการชำระเงิน (PromptPay)', 'admin', 'admin'),
(143, '2021-02-04 16:33:00', 'ข้อมูลหอพัก', 'แก้ไขรายละเอียดการชำระเงิน (PromptPay)', 'admin', 'admin'),
(144, '2021-02-04 16:35:28', 'ข้อมูลหอพัก', 'แก้ไขรายละเอียดการชำระเงิน (PromptPay)', 'admin', 'admin'),
(145, '2021-02-04 16:35:54', 'ข้อมูลหอพัก', 'แก้ไขรายละเอียดการชำระเงิน (PromptPay)', 'admin', 'admin'),
(146, '2021-02-04 16:36:03', 'ข้อมูลหอพัก', 'แก้ไขรายละเอียดการชำระเงิน (PromptPay)', 'admin', 'admin'),
(147, '2021-02-04 16:36:07', 'ข้อมูลหอพัก', 'แก้ไขรายละเอียดการชำระเงิน (PromptPay)', 'admin', 'admin'),
(148, '2021-02-04 16:36:44', 'ข้อมูลหอพัก', 'แก้ไขภาษีมูลค่าเพิ่ม (VAT)', 'admin', 'admin'),
(149, '2021-02-04 16:41:44', 'ข้อมูลหอพัก', 'เพิ่มรูปภาพ bill.jpg (ห้องพัดลม)', 'admin', 'admin'),
(150, '2021-02-04 16:42:01', 'ข้อมูลหอพัก', 'ลบรูปภาพ bill.jpg (ห้องพัดลม)', 'admin', 'admin'),
(151, '2021-02-04 16:42:05', 'ข้อมูลหอพัก', 'เพิ่มรูปภาพ bill.jpg (ห้องพัดลม)', 'admin', 'admin'),
(152, '2021-02-04 16:42:27', 'ข้อมูลหอพัก', 'ลบรูปภาพ bill.jpg (ห้องพัดลม)', 'admin', 'admin'),
(153, '2021-02-04 16:42:31', 'ข้อมูลหอพัก', 'เพิ่มรูปภาพ bill.jpg (ห้องพัดลม)', 'admin', 'admin'),
(154, '2021-02-04 16:42:38', 'ข้อมูลหอพัก', 'เพิ่มรูปภาพ bill.jpg (ห้องพัดลม)', 'admin', 'admin'),
(155, '2021-02-04 16:42:40', 'ข้อมูลหอพัก', 'ลบรูปภาพ bill.jpg (ห้องพัดลม)', 'admin', 'admin'),
(156, '2021-02-04 16:42:44', 'ข้อมูลหอพัก', 'ลบรูปภาพ bill.jpg (ห้องพัดลม)', 'admin', 'admin'),
(157, '2021-02-04 16:43:07', 'ข้อมูลหอพัก', 'เพิ่มรูปภาพ bill.jpg (ห้องพัดลม)', 'admin', 'admin'),
(158, '2021-02-04 16:43:10', 'ข้อมูลหอพัก', 'ลบรูปภาพ bill.jpg (ห้องพัดลม)', 'admin', 'admin'),
(159, '2021-02-04 17:10:40', 'ข้อมูลหอพัก', 'แก้ไขข้อมูลห้องพัก (ห้องพัดลม)', 'admin', 'admin'),
(160, '2021-02-04 17:11:07', 'ข้อมูลหอพัก', 'แก้ไขข้อมูลห้องพัก (ห้องพัดลม)', 'admin', 'admin'),
(161, '2021-02-04 17:11:17', 'ข้อมูลหอพัก', 'แก้ไขข้อมูลห้องพัก (ห้องพัดลม)', 'admin', 'admin'),
(162, '2021-02-04 17:12:54', 'ข้อมูลหอพัก', 'แก้ไขข้อมูลห้องพัก (ห้องพัดลม)', 'admin', 'admin'),
(163, '2021-02-04 17:13:12', 'ข้อมูลหอพัก', 'แก้ไขข้อมูลห้องพัก (ห้องพัดลม)', 'admin', 'admin'),
(164, '2021-02-04 17:14:26', 'ข้อมูลหอพัก', 'แก้ไขข้อมูลห้องพัก (ห้องพัดลม)', 'admin', 'admin'),
(165, '2021-02-04 17:14:29', 'ข้อมูลหอพัก', 'แก้ไขข้อมูลห้องพัก (ห้องพัดลม)', 'admin', 'admin'),
(166, '2021-02-04 17:15:51', 'ข้อมูลหอพัก', 'แก้ไขข้อมูลห้องพัก (ห้องพัดลม)', 'admin', 'admin'),
(167, '2021-02-04 17:16:38', 'ข้อมูลหอพัก', 'แก้ไขข้อมูลห้องพัก (ห้องพัดลม)', 'admin', 'admin'),
(168, '2021-02-04 17:16:39', 'ข้อมูลหอพัก', 'แก้ไขข้อมูลห้องพัก (ห้องพัดลม)', 'admin', 'admin'),
(169, '2021-02-04 17:17:00', 'ข้อมูลหอพัก', 'แก้ไขข้อมูลห้องพัก (ห้องพัดลม)', 'admin', 'admin'),
(170, '2021-02-04 17:17:04', 'ข้อมูลหอพัก', 'แก้ไขข้อมูลห้องพัก (ห้องพัดลม)', 'admin', 'admin'),
(171, '2021-02-04 17:27:50', 'ข้อมูลหอพัก', 'แก้ไขข้อมูลห้องพัก (ห้องพัดลม)', 'admin', 'admin'),
(172, '2021-02-04 17:28:56', 'ข้อมูลหอพัก', 'แก้ไขข้อมูลห้องพัก (ห้องพัดลม)', 'admin', 'admin'),
(173, '2021-02-04 17:29:07', 'ข้อมูลหอพัก', 'แก้ไขข้อมูลห้องพัก (ห้องพัดลม)', 'admin', 'admin'),
(174, '2021-02-04 17:29:09', 'ข้อมูลหอพัก', 'แก้ไขข้อมูลห้องพัก (ห้องพัดลม)', 'admin', 'admin'),
(175, '2021-02-04 17:29:13', 'ข้อมูลหอพัก', 'แก้ไขข้อมูลห้องพัก (ห้องพัดลม)', 'admin', 'admin'),
(176, '2021-02-04 17:29:31', 'ข้อมูลหอพัก', 'แก้ไขข้อมูลห้องพัก (ห้องพัดลม)', 'admin', 'admin'),
(177, '2021-02-04 17:29:32', 'ข้อมูลหอพัก', 'แก้ไขข้อมูลห้องพัก (ห้องพัดลม)', 'admin', 'admin'),
(178, '2021-02-04 17:31:03', 'ข้อมูลหอพัก', 'แก้ไขข้อมูลห้องพัก (ห้องพัดลม)', 'admin', 'admin'),
(179, '2021-02-04 17:31:07', 'ข้อมูลหอพัก', 'แก้ไขข้อมูลห้องพัก (ห้องพัดลม)', 'admin', 'admin'),
(180, '2021-02-04 17:31:27', 'ข้อมูลหอพัก', 'แก้ไขข้อมูลห้องพัก (ห้องแอร์)', 'admin', 'admin'),
(181, '2021-02-04 17:31:30', 'ข้อมูลหอพัก', 'แก้ไขข้อมูลห้องพัก (ห้องแอร์)', 'admin', 'admin'),
(182, '2021-02-04 17:31:39', 'ข้อมูลหอพัก', 'แก้ไขข้อมูลห้องพัก (ห้องแอร์)', 'admin', 'admin'),
(183, '2021-02-04 17:31:44', 'ข้อมูลหอพัก', 'แก้ไขข้อมูลห้องพัก (ห้องแอร์)', 'admin', 'admin'),
(184, '2021-02-04 17:37:10', 'ข้อมูลหอพัก', 'แก้ไขภาษีมูลค่าเพิ่ม (VAT)', 'admin', 'admin'),
(185, '2021-02-04 17:37:24', 'ข้อมูลหอพัก', 'แก้ไขภาษีมูลค่าเพิ่ม (VAT)', 'admin', 'admin'),
(186, '2021-02-04 17:38:57', 'ข้อมูลหอพัก', 'แก้ไขข้อมูลห้องพัก (ห้องแอร์)', 'admin', 'admin'),
(187, '2021-02-04 17:39:07', 'ข้อมูลหอพัก', 'แก้ไขข้อมูลห้องพัก (ห้องแอร์)', 'admin', 'admin'),
(188, '2021-02-04 19:40:51', 'ข้อมูลหอพัก', 'แก้ไขภาษีมูลค่าเพิ่ม (VAT)', 'admin', 'admin'),
(189, '2021-02-04 19:41:04', 'ข้อมูลหอพัก', 'แก้ไขรายละเอียดการชำระเงิน (PromptPay)', 'admin', 'admin'),
(190, '2021-02-04 19:43:33', 'ข้อมูลหอพัก', 'แก้ไขรายละเอียดการชำระเงิน (PromptPay)', 'admin', 'admin'),
(191, '2021-02-04 19:43:55', 'ข้อมูลหอพัก', 'แก้ไขรายละเอียดการชำระเงิน (PromptPay)', 'admin', 'admin'),
(192, '2021-02-04 19:45:17', 'ข้อมูลหอพัก', 'แก้ไขรายละเอียดการชำระเงิน (PromptPay)', 'admin', 'admin'),
(193, '2021-02-06 06:33:58', 'รายการห้องพัก', 'ลบห้องพัก(ห้อง 401)', 'admin', 'admin'),
(194, '2021-02-06 07:59:22', 'ข้อมูลหอพัก', 'แก้ไขรายละเอียดการชำระเงิน (PromptPay)', 'admin', 'admin'),
(195, '2021-02-06 16:46:33', 'ข้อมูลลูกค้า', 'เปลี่ยนสถานะเป็น รอการเข้าพัก (นางสาวสุภิศรา เตชนันท์)', 'admin', 'admin'),
(196, '2021-02-06 17:13:22', 'ข้อมูลลูกค้า', 'เปลี่ยนสถานะเป็น รอการเข้าพัก (นางสาวเกมน้อย คอยรัก)', 'admin', 'admin'),
(197, '2021-02-06 17:20:04', 'ข้อมูลลูกค้า', 'เปลี่ยนสถานะเป็น กำลังเข้าพัก (นางสาวเกมน้อย คอยรัก)', 'admin', 'admin'),
(198, '2021-02-06 18:45:01', 'ข้อมูลลูกค้า', 'เปลี่ยนสถานะเป็น เช็คเอาท์แล้ว (นางสาวเกมน้อย คอยรัก)', 'admin', 'admin'),
(199, '2021-02-06 18:57:17', 'ข้อมูลลูกค้า', 'เปลี่ยนสถานะเป็น เช็คเอาท์แล้ว (นางสาวเกมน้อย คอยรัก)', 'admin', 'admin'),
(200, '2021-02-06 18:57:50', 'ข้อมูลลูกค้า', 'เปลี่ยนสถานะเป็น เช็คเอาท์แล้ว (นางสาวเกมน้อย คอยรัก)', 'admin', 'admin'),
(201, '2021-02-06 18:59:46', 'ข้อมูลลูกค้า', 'เปลี่ยนสถานะเป็น เช็คเอาท์แล้ว (นางสาวเกมน้อย คอยรัก)', 'admin', 'admin'),
(202, '2021-02-06 18:59:55', 'ข้อมูลลูกค้า', 'เปลี่ยนสถานะเป็น เช็คเอาท์แล้ว (นางสาวเกมน้อย คอยรัก)', 'admin', 'admin'),
(203, '2021-02-06 19:01:31', 'ข้อมูลลูกค้า', 'เปลี่ยนสถานะเป็น เช็คเอาท์แล้ว (นางสาวเกมน้อย คอยรัก)', 'admin', 'admin'),
(204, '2021-02-06 19:02:24', 'ข้อมูลลูกค้า', 'เปลี่ยนสถานะเป็น เช็คเอาท์แล้ว (นางสาวเกมน้อย คอยรัก)', 'admin', 'admin'),
(205, '2021-02-06 19:02:43', 'ข้อมูลลูกค้า', 'เปลี่ยนสถานะเป็น เช็คเอาท์แล้ว (นางสาวเกมน้อย คอยรัก)', 'admin', 'admin'),
(206, '2021-02-06 19:03:32', 'ข้อมูลลูกค้า', 'เปลี่ยนสถานะเป็น เช็คเอาท์แล้ว (นางสาวเกมน้อย คอยรัก)', 'admin', 'admin'),
(207, '2021-02-06 19:03:44', 'ข้อมูลลูกค้า', 'เปลี่ยนสถานะเป็น เช็คเอาท์แล้ว (นางสาวเกมน้อย คอยรัก)', 'admin', 'admin'),
(208, '2021-02-06 19:04:28', 'ข้อมูลลูกค้า', 'เปลี่ยนสถานะเป็น เช็คเอาท์แล้ว (นางสาวเกมน้อย คอยรัก)', 'admin', 'admin'),
(209, '2021-02-06 19:15:03', 'ข้อมูลลูกค้า', 'เปลี่ยนสถานะเป็น เช็คเอาท์แล้ว (นางสาวเกมน้อย คอยรัก)', 'admin', 'admin'),
(210, '2021-02-06 19:59:38', 'ข้อมูลลูกค้า', 'เปลี่ยนสถานะเป็น เช็คเอาท์แล้ว (นางสาวเกมน้อย คอยรัก)', 'admin', 'admin'),
(211, '2021-02-08 17:55:54', 'ชำระเงิน(รายวัน)', 'เพิ่มหลักฐานการชำระเงินค่าเช่าห้องพัก ( )', 'admin', 'admin'),
(212, '2021-02-08 18:00:47', 'ชำระเงิน(รายวัน)', 'เพิ่มหลักฐานการชำระเงินค่าเช่าห้องพัก ( )', 'admin', 'admin'),
(213, '2021-02-08 18:01:36', 'ชำระเงิน(รายวัน)', 'เพิ่มหลักฐานการชำระเงินค่าเช่าห้องพัก ( )', 'admin', 'admin'),
(214, '2021-02-08 18:02:20', 'ชำระเงิน(รายวัน)', 'เพิ่มหลักฐานการชำระเงินค่าเช่าห้องพัก (นางสาวเกมน้อย คอยรัก)', 'admin', 'admin'),
(215, '2021-02-08 18:02:49', 'ชำระเงิน(รายวัน)', 'เพิ่มหลักฐานการชำระเงินค่าเช่าห้องพัก (นางสาวเกมน้อย คอยรัก)', 'admin', 'admin'),
(216, '2021-02-08 18:12:04', 'ชำระเงิน(รายวัน)', 'ลบหลักฐานการชำระเงินค่าเช่าห้องพัก (นางสาวเกมน้อย คอยรัก)', 'admin', 'admin'),
(217, '2021-02-08 18:12:11', 'ชำระเงิน(รายวัน)', 'เพิ่มหลักฐานการชำระเงินค่าเช่าห้องพัก (นางสาวเกมน้อย คอยรัก)', 'admin', 'admin'),
(218, '2021-02-08 18:25:56', 'ข้อมูลลูกค้า', 'เปลี่ยนสถานะเป็น รอการเข้าพัก (นางสาวเกมน้อย คอยรัก)', 'admin', 'admin'),
(219, '2021-02-08 18:28:21', 'ข้อมูลลูกค้า', 'เปลี่ยนสถานะเป็น รอการเข้าพัก (นายเกมน้อย คอยรัก)', 'admin', 'admin'),
(220, '2021-02-08 18:29:01', 'ข้อมูลลูกค้า', 'เปลี่ยนสถานะเป็น กำลังเข้าพัก (นายเกมน้อย คอยรัก)', 'admin', 'admin'),
(221, '2021-02-08 18:32:42', 'ข้อมูลลูกค้า', 'เปลี่ยนสถานะเป็น เช็คเอาท์แล้ว (นายเกมน้อย คอยรัก)', 'admin', 'admin'),
(222, '2021-02-08 18:49:19', 'ชำระเงิน(รายวัน)', 'เพิ่มหลักฐานการชำระเงินค่าเช่าห้องพัก (นายเกมน้อย คอยรัก)', 'admin', 'admin'),
(223, '2021-02-09 17:08:19', 'ชำระเงิน(รายวัน)', 'ลบหลักฐานการชำระเงินค่าเช่าห้องพัก (นายเกมน้อย คอยรัก)', 'admin', 'admin'),
(224, '2021-02-09 17:25:19', 'ชำระเงิน(รายวัน)', 'เพิ่มหลักฐานการชำระเงินค่าเช่าห้องพัก (นายเกมน้อย คอยรัก)', 'admin', 'admin'),
(225, '2021-02-09 17:28:34', 'ชำระเงิน(รายวัน)', 'เพิ่มหลักฐานการชำระเงินค่าปรับ(ค่าเสียหาย) (นายเกมน้อย คอยรัก)', 'admin', 'admin'),
(226, '2021-02-09 17:30:30', 'ชำระเงิน(รายวัน)', 'เพิ่มหลักฐานการชำระเงินค่าปรับ(ค่าเสียหาย) (นายเกมน้อย คอยรัก)', 'admin', 'admin'),
(227, '2021-02-09 17:31:10', 'ชำระเงิน(รายวัน)', 'เพิ่มหลักฐานการชำระเงินค่าปรับ(ค่าเสียหาย) (นายเกมน้อย คอยรัก)', 'admin', 'admin'),
(228, '2021-02-09 17:31:17', 'ชำระเงิน(รายวัน)', 'เพิ่มหลักฐานการชำระเงินค่าปรับ(ค่าเสียหาย) (นายเกมน้อย คอยรัก)', 'admin', 'admin'),
(229, '2021-02-09 17:40:56', 'ชำระเงิน(รายวัน)', 'ลบหลักฐานการชำระเงินค่าเช่าห้องพัก (นายเกมน้อย คอยรัก)', 'admin', 'admin'),
(230, '2021-02-09 17:41:43', 'ชำระเงิน(รายวัน)', 'ลบหลักฐานการชำระเงินค่าเช่าห้องพัก (นายเกมน้อย คอยรัก)', 'admin', 'admin'),
(231, '2021-02-09 17:42:03', 'ชำระเงิน(รายวัน)', 'เพิ่มหลักฐานการชำระเงินค่าเช่าห้องพัก (นายเกมน้อย คอยรัก)', 'admin', 'admin'),
(232, '2021-02-09 17:42:03', 'ชำระเงิน(รายวัน)', 'เพิ่มหลักฐานการชำระเงินค่าปรับ(ค่าเสียหาย) (นายเกมน้อย คอยรัก)', 'admin', 'admin'),
(233, '2021-02-09 17:43:40', 'ชำระเงิน(รายวัน)', 'ลบหลักฐานการชำระเงินค่าปรับ(ค่าเสียหาย) (นายเกมน้อย คอยรัก)', 'admin', 'admin'),
(234, '2021-02-09 17:44:00', 'ชำระเงิน(รายวัน)', 'เพิ่มหลักฐานการชำระเงินค่าปรับ(ค่าเสียหาย) (นายเกมน้อย คอยรัก)', 'admin', 'admin'),
(235, '2021-02-09 18:17:55', 'ชำระเงิน(รายเดือน)', 'ยืนยันการชำระเงินค่าเช่าห้องพัก (ห้อง 202)(2021-01)', 'admin', 'admin'),
(236, '2021-02-09 18:49:28', 'ชำระเงิน(รายเดือน)', 'เพิ่มรายการชำระเงินค่าเช่าห้องพัก (ห้อง 201)(2021-02)', 'admin', 'admin'),
(237, '2021-02-10 08:22:02', 'ชำระเงิน(รายเดือน)', 'เพิ่มรายการชำระเงินค่าเช่าห้องพัก (ห้อง 202)(2021-02)', 'admin', 'admin'),
(238, '2021-02-10 08:23:32', 'ชำระเงิน(รายเดือน)', 'ลบรายการชำระเงินค่าเช่าห้องพัก (ห้อง 201)(2021-02)', 'admin', 'admin'),
(239, '2021-02-10 08:23:44', 'ชำระเงิน(รายเดือน)', 'เพิ่มรายการชำระเงินค่าเช่าห้องพัก (ห้อง 201)(2021-02)', 'admin', 'admin'),
(240, '2021-02-10 08:36:41', 'ชำระเงิน(รายเดือน)', 'ลบรายการชำระเงินค่าเช่าห้องพัก (ห้อง 201)(2021-02)', 'admin', 'admin'),
(241, '2021-02-10 08:41:40', 'ชำระเงิน(รายเดือน)', 'เพิ่มรายการชำระเงินค่าเช่าห้องพัก (ห้อง 201)(2021-02)', 'admin', 'admin'),
(242, '2021-02-10 08:55:40', 'ชำระเงิน(รายเดือน)', 'แก้ไขข้อมูลการชำระเงินค่าเช่าห้องพัก (ห้อง 201)(2021-02)', 'admin', 'admin'),
(243, '2021-02-10 08:55:56', 'ชำระเงิน(รายเดือน)', 'แก้ไขข้อมูลการชำระเงินค่าเช่าห้องพัก (ห้อง 201)(2021-02)', 'admin', 'admin'),
(244, '2021-02-10 09:44:34', 'ข้อมูลลูกค้า', 'เปลี่ยนสถานะเป็น รอการเข้าพัก (นางสาวสุภิศรา เตชนันท์)', 'admin', 'admin'),
(245, '2021-02-10 09:46:15', 'ข้อมูลลูกค้า', 'เปลี่ยนสถานะเป็น รอการเข้าพัก (นางสาวสุภิศรา เตชนันท์)', 'admin', 'admin'),
(246, '2021-02-10 10:07:50', 'ข้อมูลลูกค้า', 'ลบรายการเช่าห้องพัก ( )', 'admin', 'admin'),
(247, '2021-02-10 10:08:48', 'ข้อมูลลูกค้า', 'ลบรายการเช่าห้องพัก (นางสาวสุภิศรา เตชนันท์)', 'admin', 'admin'),
(248, '2021-02-10 10:10:25', 'ข้อมูลลูกค้า', 'เปลี่ยนสถานะเป็น รอการเข้าพัก (นายสุภิศรา เตชนันท์)', 'admin', 'admin'),
(249, '2021-02-10 10:37:48', 'ข้อมูลลูกค้า', 'เปลี่ยนสถานะเป็น เข้าพักแล้ว (นายสุภิศรา เตชนันท์)', 'admin', 'admin'),
(250, '2021-02-10 10:34:22', 'ข้อมูลลูกค้า', 'เปลี่ยนสถานะเป็น เช็คเอาท์แล้ว (นายสุภิศรา เตชนันท์)', 'admin', 'admin'),
(251, '2021-02-10 10:35:39', 'ชำระเงิน(รายวัน)', 'เพิ่มหลักฐานการชำระเงินค่าเช่าห้องพัก (นายสุภิศรา เตชนันท์)', 'admin', 'admin'),
(252, '2021-02-10 10:35:39', 'ชำระเงิน(รายวัน)', 'เพิ่มหลักฐานการชำระเงินค่าปรับ(ค่าเสียหาย) (นายสุภิศรา เตชนันท์)', 'admin', 'admin'),
(253, '2021-02-11 06:45:40', 'ข้อมูลหอพัก', 'แก้ไขข้อมูลห้องพัก (ห้องพัดลม)', 'admin', 'admin'),
(254, '2021-02-11 06:46:27', 'ข้อมูลหอพัก', 'แก้ไขข้อมูลห้องพัก (ห้องแอร์)', 'admin', 'admin'),
(255, '2021-02-11 17:12:22', 'ข้อมูลลูกค้า', 'เพิ่มข้อมูลลูกค้า(ห้อง 203)', 'admin', 'admin'),
(256, '2021-02-11 17:13:19', 'ข้อมูลลูกค้า', 'แก้ไขข้อมูลลูกค้า(ห้อง 203)', 'admin', 'admin'),
(257, '2021-02-11 17:13:49', 'ข้อมูลลูกค้า', 'แก้ไขข้อมูลลูกค้า(ห้อง 203)', 'admin', 'admin'),
(258, '2021-02-11 17:23:33', 'ข้อมูลลูกค้า', 'ลบข้อมูลลูกค้า(ห้อง 203)', 'admin', 'admin'),
(259, '2021-02-11 17:26:40', 'ข้อมูลลูกค้า', 'เพิ่มข้อมูลลูกค้า(ห้อง 203)', 'admin', 'admin'),
(260, '2021-02-11 17:30:50', 'ข้อมูลลูกค้า', 'แก้ไขข้อมูลลูกค้า(ห้อง 203)', 'admin', 'admin'),
(261, '2021-02-11 17:31:00', 'ข้อมูลลูกค้า', 'แก้ไขข้อมูลลูกค้า(ห้อง 203)', 'admin', 'admin'),
(262, '2021-02-11 17:34:26', 'ข้อมูลลูกค้า', 'เพิ่มข้อมูลลูกค้า(ห้อง 203)(คนที่ 2)', 'admin', 'admin'),
(263, '2021-02-11 17:41:51', 'ข้อมูลลูกค้า', 'เปลี่ยนสถานะเป็น แจ้งออกแล้ว (ห้อง 203)', 'admin', 'admin'),
(264, '2021-02-11 17:41:51', 'ชำระเงิน(รายเดือน)', 'เพิ่มรายการชำระเงินค่าเช่าห้องพัก (ห้อง 203)(2021-02)', 'admin', 'admin'),
(265, '2021-02-11 17:51:28', 'ข้อมูลลูกค้า', 'เพิ่มข้อมูลลูกค้า(ห้อง 203)', 'admin', 'admin'),
(266, '2021-02-11 17:52:16', 'ข้อมูลลูกค้า', 'เปลี่ยนสถานะเป็น แจ้งออกแล้ว (ห้อง 203)', 'admin', 'admin'),
(267, '2021-02-11 17:52:16', 'ชำระเงิน(รายเดือน)', 'เพิ่มรายการชำระเงินค่าเช่าห้องพัก (ห้อง 203)(2021-02)', 'admin', 'admin'),
(268, '2021-02-12 12:14:49', 'ข้อมูลลูกค้า', 'เพิ่มข้อมูลลูกค้า(ห้อง 203)', 'admin', 'admin'),
(269, '2021-02-12 18:07:06', 'ชำระเงิน(รายเดือน)', 'ลบรายการชำระเงินค่าเช่าห้องพัก (ห้อง 203)(2021-02)', 'admin', 'admin'),
(270, '2021-02-12 18:07:27', 'ชำระเงิน(รายเดือน)', 'ลบรายการชำระเงินค่าเช่าห้องพัก (ห้อง 203)(2021-02)', 'admin', 'admin'),
(271, '2021-02-12 18:08:17', 'ชำระเงิน(รายเดือน)', 'ลบรายการชำระเงินค่าเช่าห้องพัก (ห้อง )()', 'admin', 'admin'),
(272, '2021-02-12 18:08:39', 'ชำระเงิน(รายเดือน)', 'เพิ่มรายการชำระเงินค่าเช่าห้องพัก (ห้อง 203)(2021-02)', 'admin', 'admin'),
(273, '2021-02-13 18:35:19', 'ชำระเงิน(รายเดือน)', 'แก้ไขข้อมูลการชำระเงินค่าเช่าห้องพัก (ห้อง 203)(2021-02)', 'admin', 'admin'),
(274, '2021-02-13 18:43:54', 'ชำระเงิน(รายเดือน)', 'แก้ไขข้อมูลการชำระเงินค่าเช่าห้องพัก (ห้อง 203)(2021-02)', 'admin', 'admin'),
(275, '2021-02-14 10:08:07', 'แจ้งซ่อม', 'เพิ่มรายการแจ้งซ่อม (ห้อง 203)', '203', 'guest'),
(276, '2021-02-14 10:15:21', 'แจ้งซ่อม', 'เปลี่ยนสถานะการแจ้งซ่อมเป็น กำลังซ่อม (ห้อง 203)', 'admin', 'admin'),
(277, '2021-02-14 10:17:41', 'แจ้งซ่อม', 'เปลี่ยนสถานะการแจ้งซ่อมเป็น ซ่อมเสร็จแล้ว (ห้อง 203)', 'admin', 'admin'),
(278, '2021-02-14 10:47:47', 'พัสดุ', 'เพิ่มรายการพัสดุ', 'admin', 'admin'),
(279, '2021-02-14 10:52:13', 'พัสดุ', 'เปลี่ยนสถานะพัสดุเป็น รับพัสดุแล้ว', 'admin', 'admin'),
(280, '2021-02-14 10:55:29', 'พัสดุ', 'เปลี่ยนสถานะพัสดุเป็น รับพัสดุแล้ว รับโดย เกมน้อย', 'admin', 'admin'),
(281, '2021-02-14 17:48:00', 'ร้องเรียน', 'ลบรายการร้องเรียน (5)', 'admin', 'admin'),
(282, '2021-02-14 17:49:52', 'ร้องเรียน', 'เพิ่มรายการร้องเรียน', '203', 'guest'),
(283, '2021-02-16 16:59:55', 'ข้อมูลหอพัก', 'แก้ไขข้อมูลห้องพัก (ห้องแอร์)', 'admin', 'admin'),
(284, '2021-02-16 19:07:55', 'ข้อมูลลูกค้า', 'เปลี่ยนสถานะเป็น รอการเข้าพัก (นายนวพล นรเดชานันท์)', 'admin', 'admin'),
(285, '2021-02-16 19:09:02', 'ข้อมูลลูกค้า', 'เปลี่ยนสถานะเป็น เข้าพักแล้ว (นายนวพล นรเดชานันท์)', 'admin', 'admin'),
(286, '2021-02-16 19:11:45', 'ข้อมูลลูกค้า', 'เปลี่ยนสถานะเป็น เช็คเอาท์แล้ว (นายนวพล นรเดชานันท์)', 'admin', 'admin'),
(287, '2021-02-16 19:12:45', 'ชำระเงิน(รายวัน)', 'เพิ่มหลักฐานการชำระเงินค่าเช่าห้องพัก (นายนวพล นรเดชานันท์)', 'admin', 'admin'),
(288, '2021-02-19 08:10:44', 'พนักงาน', 'เพิ่มข้อมูลพนักงาน (นายนวพล นรเดชานันท์)', 'admin', 'admin'),
(289, '2021-02-19 08:10:57', 'พนักงาน', 'ลบข้อมูลพนักงาน (นางสาวสุภิศรา เตชนันท์)', 'admin', 'admin'),
(290, '2021-02-19 08:11:11', 'พนักงาน', 'ลบข้อมูลพนักงาน (นายนวพล นรเดชานันท์)', 'admin', 'admin'),
(291, '2021-02-19 08:12:28', 'พนักงาน', 'เพิ่มข้อมูลพนักงาน (นายนวพล นรเดชานันท์)', 'admin', 'admin'),
(292, '2021-02-19 08:14:12', 'พนักงาน', 'ลบข้อมูลพนักงาน (นายนวพล นรเดชานันท์)', 'admin', 'admin'),
(293, '2021-02-19 08:17:07', 'พนักงาน', 'เพิ่มข้อมูลพนักงาน (นายนวพล นรเดชานันท์)', 'admin', 'admin'),
(294, '2021-02-19 08:17:22', 'พนักงาน', 'แก้ไขข้อมูลพนักงาน (นายนวพล นรเดชานันท์)', 'admin', 'admin'),
(295, '2021-02-19 08:17:32', 'พนักงาน', 'แก้ไขข้อมูลพนักงาน (นายนวพล นรเดชานันท์)', 'admin', 'admin'),
(296, '2021-02-20 18:29:57', 'แจ้งซ่อม', 'เพิ่มรายการแจ้งซ่อม (ห้อง 203)', 'admin', 'admin'),
(297, '2021-02-20 18:30:46', 'แจ้งซ่อม', 'ลบรายการแจ้งซ่อม (ห้อง 203)', 'admin', 'admin'),
(298, '2021-02-20 18:31:19', 'แจ้งซ่อม', 'เพิ่มรายการแจ้งซ่อม (ห้อง 203)', 'admin', 'admin'),
(299, '2021-02-20 18:33:46', 'แจ้งซ่อม', 'ลบรายการแจ้งซ่อม (ห้อง 203)', 'admin', 'admin'),
(300, '2021-02-20 18:34:54', 'แจ้งซ่อม', 'เพิ่มรายการแจ้งซ่อม (ห้อง 203)', 'admin', 'admin'),
(301, '2021-02-20 18:43:49', 'แจ้งซ่อม', 'ลบรายการแจ้งซ่อม (ห้อง 203)', 'admin', 'admin'),
(302, '2021-02-20 18:44:07', 'แจ้งซ่อม', 'เพิ่มรายการแจ้งซ่อม (ห้อง 203)', 'admin', 'admin'),
(303, '2021-02-20 18:52:34', 'แจ้งซ่อม', 'ลบรายการแจ้งซ่อม (ห้อง 203)', 'admin', 'admin'),
(304, '2021-02-20 18:53:05', 'แจ้งซ่อม', 'เพิ่มรายการแจ้งซ่อม (ห้อง 203)', 'admin', 'admin'),
(305, '2021-02-20 18:54:31', 'แจ้งซ่อม', 'ลบรายการแจ้งซ่อม (ห้อง 203)', 'admin', 'admin'),
(306, '2021-02-20 18:54:57', 'แจ้งซ่อม', 'เพิ่มรายการแจ้งซ่อม (ห้อง 203)', 'admin', 'admin'),
(307, '2021-02-20 19:33:21', 'ชำระเงิน(รายเดือน)', 'เพิ่มหลักฐานการชำระเงินค่าเช่าห้องพัก (ห้อง )(มกราคม 1970)', 'admin', 'admin'),
(308, '2021-02-20 19:35:54', 'ชำระเงิน(รายเดือน)', 'เพิ่มหลักฐานการชำระเงินค่าเช่าห้องพัก (ห้อง )(ธันวาคม 2020)', 'admin', 'admin'),
(309, '2021-02-20 19:36:48', 'ชำระเงิน(รายเดือน)', 'เพิ่มหลักฐานการชำระเงินค่าเช่าห้องพัก (ห้อง 202)(ธันวาคม 2020)', 'admin', 'admin'),
(310, '2021-02-20 20:05:42', 'ข้อมูลลูกค้า', 'ลบรายการเช่าห้องพัก (นายคอตต้อน กระต่ายป่า)', 'admin', 'admin'),
(311, '2021-02-20 20:05:46', 'ข้อมูลลูกค้า', 'ลบรายการเช่าห้องพัก (นายคอตต้อน กระต่ายป่า)', 'admin', 'admin'),
(312, '2021-02-20 20:05:49', 'ข้อมูลลูกค้า', 'ลบรายการเช่าห้องพัก (นายคอตต้อน กระต่ายป่า)', 'admin', 'admin'),
(313, '2021-02-20 20:09:25', 'ข้อมูลลูกค้า', 'ลบรายการเช่าห้องพัก (นายคอตต้อน กระต่ายป่า)', 'admin', 'admin'),
(314, '2021-02-20 20:09:29', 'ข้อมูลลูกค้า', 'ลบรายการเช่าห้องพัก (นายคอตต้อน กระต่ายป่า)', 'admin', 'admin'),
(315, '2021-02-20 20:09:32', 'ข้อมูลลูกค้า', 'ลบรายการเช่าห้องพัก (นายคอตต้อน กระต่ายป่า)', 'admin', 'admin'),
(316, '2021-02-20 20:12:57', 'ข้อมูลลูกค้า', 'ลบรายการเช่าห้องพัก (นายคอตต้อน กระต่ายป่า)', 'admin', 'admin'),
(317, '2021-02-20 20:13:00', 'ข้อมูลลูกค้า', 'ลบรายการเช่าห้องพัก (นายคอตต้อน กระต่ายป่า)', 'admin', 'admin'),
(318, '2021-02-20 20:13:04', 'ข้อมูลลูกค้า', 'ลบรายการเช่าห้องพัก (นายคอตต้อน กระต่ายป่า)', 'admin', 'admin');

-- --------------------------------------------------------

--
-- Table structure for table `package`
--

CREATE TABLE `package` (
  `package_id` int(11) NOT NULL,
  `member_id` int(11) NOT NULL,
  `package_num` varchar(200) NOT NULL,
  `package_company` varchar(200) NOT NULL,
  `package_arrived` varchar(200) NOT NULL,
  `package_status` varchar(200) NOT NULL,
  `package_name` varchar(200) NOT NULL,
  `package_room` varchar(200) NOT NULL,
  `package_received` varchar(200) DEFAULT NULL,
  `package_receiveddate` varchar(20) DEFAULT NULL
) ENGINE=InnoDB DEFAULT CHARSET=utf8;

--
-- Dumping data for table `package`
--

INSERT INTO `package` (`package_id`, `member_id`, `package_num`, `package_company`, `package_arrived`, `package_status`, `package_name`, `package_room`, `package_received`, `package_receiveddate`) VALUES
(2, 0, 'RYMC000206662', 'เคอรี่', '2020-08-10', 'รับพัสดุแล้ว', 'มนุษย์', '201', 'มนุษย์', NULL),
(3, 0, 'RP917308081TH', 'ไปรษณีย์ไทย', '2020-09-08', 'รับพัสดุแล้ว', 'มนุษย์', '201', 'มนุษย์', NULL),
(4, 0, 'RP917307090THs', 'ไปรษณีย์ไทย', '2021-02-01', 'ยังไม่ได้รับพัสดุ', 'สุภิศรา', '202', NULL, NULL),
(5, 0, 'PD252974232TH', 'ไปรษณีย์ไทย', '2020-09-12', 'ยังไม่ได้รับพัสดุ', 'สุภิศรา', '202', NULL, NULL),
(6, 0, 'ED375848164TH', 'ไปรษณีย์ไทย', '2020-10-13', 'รับพัสดุแล้ว', 'สมคิด', '204', 'สมคิด', '2020-10-14'),
(7, 0, 'ED471406393TH', 'ไปรษณีย์ไทย', '2020-10-13', 'รับพัสดุแล้ว', 'สุภิศรา', '202', 'สุภิศรา', '2021-01-11'),
(15, 0, 'AAAAAAAAAAAB', 'J&T Express', '2021-02-01', 'ยังไม่ได้รับพัสดุ', 'นวพล', '201', NULL, NULL),
(16, 98, 'XXXYYYZZZTH', 'XXXCCC', '2021-02-14', 'รับพัสดุแล้ว', 'เกมน้อย', '203', 'เกมน้อย', '2021-02-14');

-- --------------------------------------------------------

--
-- Table structure for table `promptpay`
--

CREATE TABLE `promptpay` (
  `prompt_id` int(11) NOT NULL,
  `prompt_num` varchar(10) DEFAULT NULL,
  `prompt_img` varchar(50) DEFAULT NULL,
  `prompt_name` varchar(50) DEFAULT NULL
) ENGINE=InnoDB DEFAULT CHARSET=utf8;

--
-- Dumping data for table `promptpay`
--

INSERT INTO `promptpay` (`prompt_id`, `prompt_num`, `prompt_img`, `prompt_name`) VALUES
(2, '0956722914', 'qr-code.PNG', 'นวพล นรเดชานันท์');

-- --------------------------------------------------------

--
-- Table structure for table `repair`
--

CREATE TABLE `repair` (
  `repair_id` int(11) NOT NULL,
  `member_id` int(11) NOT NULL,
  `room_id` varchar(200) NOT NULL,
  `repair_appliance` varchar(200) NOT NULL,
  `repair_category` varchar(200) NOT NULL,
  `repair_detail` varchar(200) NOT NULL,
  `repair_date` varchar(200) NOT NULL,
  `repair_successdate` varchar(200) DEFAULT NULL,
  `repair_status` varchar(200) NOT NULL,
  `repair_income` float(10,2) DEFAULT NULL,
  `repair_expenses` float(10,2) DEFAULT NULL,
  `repair_profit` float(10,2) DEFAULT NULL
) ENGINE=InnoDB DEFAULT CHARSET=utf8;

--
-- Dumping data for table `repair`
--

INSERT INTO `repair` (`repair_id`, `member_id`, `room_id`, `repair_appliance`, `repair_category`, `repair_detail`, `repair_date`, `repair_successdate`, `repair_status`, `repair_income`, `repair_expenses`, `repair_profit`) VALUES
(1, 0, '201', 'เครื่องทำน้ำอุ่น', 'เครื่องใช้ไฟฟ้า', 'เครื่องทำน้ำอุ่นไม่ร้อน', '2020-12-05', '2020-12-08', 'ซ่อมเสร็จแล้ว', 300.00, 165.00, 135.00),
(2, 0, '202', 'โต๊ะ', 'เฟอร์นิเจอร์', 'ขาโต๊ะข้างมุมบนซ้ายชำรุด', '2020-12-09', '2020-12-12', 'ซ่อมเสร็จแล้ว', 200.00, 80.00, 120.00),
(3, 0, '203', 'ชักโครก', 'สุขภัณฑ์', 'ฝาชักโครกแตกหัก', '2020-12-12', '2020-12-13', 'ซ่อมเสร็จแล้ว', 150.00, 60.00, 90.00),
(4, 0, '201', 'ประตู', 'เฟอร์นิเจอร์', 'ลูกบิดประตูชำรุด', '2020-12-12', '2021-01-08', 'ซ่อมเสร็จแล้ว', 325.50, 165.00, 160.50),
(5, 0, '207', 'พัดลม', 'เครื่องใช้ไฟฟ้า', 'พัดลมไม่ทำงาน', '2020-12-19', '2021-01-23', 'ซ่อมเสร็จแล้ว', 300.00, 150.00, 150.00),
(9, 98, '203', 'เครื่องปรับอากาศ', 'เครื่องใช้ไฟฟ้า', 'แอร์ไม่เย็น', '2021-02-14', '2021-02-14', 'ซ่อมเสร็จแล้ว', 200.00, 120.00, 80.00),
(15, 98, '203', 'ประตู', 'เฟอร์นิเจอร์', 'ลูกบิดประตูเสีย', '2021-02-21', NULL, 'รอคิวซ่อม', NULL, NULL, NULL);

-- --------------------------------------------------------

--
-- Table structure for table `reset_password_temp`
--

CREATE TABLE `reset_password_temp` (
  `email` varchar(50) NOT NULL,
  `token` varchar(200) NOT NULL,
  `expDate` datetime NOT NULL
) ENGINE=InnoDB DEFAULT CHARSET=utf8;

--
-- Dumping data for table `reset_password_temp`
--

INSERT INTO `reset_password_temp` (`email`, `token`, `expDate`) VALUES
('blackfrostier@gmail.com', 'h4vu4o8pixehmxouxq8ey', '2021-02-19 17:35:27');

-- --------------------------------------------------------

--
-- Table structure for table `roomdetail`
--

CREATE TABLE `roomdetail` (
  `type` varchar(20) NOT NULL,
  `water_bill` float(11,2) NOT NULL,
  `elec_bill` float(11,2) NOT NULL,
  `cable_charge` float(11,2) NOT NULL,
  `fines` float(11,2) NOT NULL,
  `deposit` float(11,2) NOT NULL,
  `price` float(11,2) NOT NULL,
  `daily_price` float(11,2) NOT NULL,
  `daily_deposit` float(11,2) NOT NULL,
  `daily_vat` float(11,2) NOT NULL,
  `sv_fan` varchar(3) NOT NULL,
  `sv_air` varchar(3) NOT NULL,
  `sv_wifi` varchar(3) NOT NULL,
  `sv_furniture` varchar(3) NOT NULL,
  `sv_readtable` varchar(3) NOT NULL,
  `sv_telephone` varchar(3) NOT NULL,
  `sv_television` varchar(3) NOT NULL,
  `sv_refrigerator` varchar(3) NOT NULL,
  `sv_waterbottle` varchar(3) NOT NULL,
  `sv_toilet` varchar(3) NOT NULL,
  `sv_hairdryer` varchar(3) NOT NULL,
  `sv_towel` varchar(3) NOT NULL
) ENGINE=InnoDB DEFAULT CHARSET=utf8;

--
-- Dumping data for table `roomdetail`
--

INSERT INTO `roomdetail` (`type`, `water_bill`, `elec_bill`, `cable_charge`, `fines`, `deposit`, `price`, `daily_price`, `daily_deposit`, `daily_vat`, `sv_fan`, `sv_air`, `sv_wifi`, `sv_furniture`, `sv_readtable`, `sv_telephone`, `sv_television`, `sv_refrigerator`, `sv_waterbottle`, `sv_toilet`, `sv_hairdryer`, `sv_towel`) VALUES
('พัดลม', 80.00, 7.50, 105.00, 150.00, 2500.00, 2300.00, 250.00, 300.00, 7.00, 'on', 'off', 'on', 'on', 'on', 'off', 'off', 'off', 'off', 'off', 'off', 'off'),
('แอร์', 80.00, 7.50, 105.00, 150.00, 3000.00, 2700.00, 350.00, 300.00, 7.00, 'on', 'on', 'on', 'on', 'on', 'on', 'on', 'on', 'on', 'on', 'on', 'on');

-- --------------------------------------------------------

--
-- Table structure for table `roomlist`
--

CREATE TABLE `roomlist` (
  `room_id` varchar(200) NOT NULL,
  `room_type` varchar(200) NOT NULL,
  `room_cat` varchar(20) NOT NULL,
  `room_status` varchar(200) NOT NULL
) ENGINE=InnoDB DEFAULT CHARSET=utf8;

--
-- Dumping data for table `roomlist`
--

INSERT INTO `roomlist` (`room_id`, `room_type`, `room_cat`, `room_status`) VALUES
('201', 'แอร์', 'รายเดือน', 'ไม่ว่าง'),
('202', 'แอร์', 'รายเดือน', 'ไม่ว่าง'),
('203', 'แอร์', 'รายเดือน', 'ไม่ว่าง'),
('204', 'แอร์', 'รายเดือน', 'ว่าง'),
('205', 'แอร์', 'รายเดือน', 'ว่าง'),
('206', 'พัดลม', 'รายเดือน', 'ว่าง'),
('207', 'พัดลม', 'รายเดือน', 'ว่าง'),
('208', 'แอร์', 'รายเดือน', 'ว่าง'),
('301', 'แอร์', 'รายเดือน', 'ว่าง'),
('302', 'แอร์', 'รายเดือน', 'ว่าง'),
('303', 'แอร์', 'รายเดือน', 'ว่าง'),
('304', 'แอร์', 'รายเดือน', 'ว่าง'),
('305', 'แอร์', 'รายวัน', 'ว่าง'),
('306', 'พัดลม', 'รายวัน', 'ว่าง'),
('307', 'แอร์', 'รายวัน', 'ว่าง'),
('308', 'แอร์', 'รายวัน', 'ว่าง');

-- --------------------------------------------------------

--
-- Table structure for table `roommember`
--

CREATE TABLE `roommember` (
  `member_id` int(11) NOT NULL,
  `room_id` varchar(10) NOT NULL,
  `come_date` varchar(20) NOT NULL,
  `out_date` varchar(20) DEFAULT NULL,
  `member_cat` varchar(20) NOT NULL,
  `member_status` varchar(20) NOT NULL,
  `member_deposit` float(11,2) NOT NULL,
  `name_title` varchar(10) NOT NULL,
  `firstname` varchar(200) NOT NULL,
  `lastname` varchar(200) NOT NULL,
  `nickname` varchar(200) NOT NULL,
  `id_card` varchar(13) NOT NULL,
  `phone` varchar(10) NOT NULL,
  `email` varchar(200) NOT NULL,
  `birthday` varchar(200) DEFAULT NULL,
  `age` int(11) DEFAULT NULL,
  `race` varchar(200) DEFAULT NULL,
  `nationality` varchar(200) DEFAULT NULL,
  `job` varchar(200) DEFAULT NULL,
  `address` varchar(200) DEFAULT NULL,
  `pic_idcard` text DEFAULT NULL,
  `pic_home` text DEFAULT NULL,
  `name_title2` varchar(10) DEFAULT NULL,
  `firstname2` varchar(200) DEFAULT NULL,
  `lastname2` varchar(200) DEFAULT NULL,
  `nickname2` varchar(200) DEFAULT NULL,
  `id_card2` varchar(13) DEFAULT NULL,
  `phone2` varchar(10) DEFAULT NULL,
  `email2` varchar(200) DEFAULT NULL,
  `birthday2` varchar(200) DEFAULT NULL,
  `age2` int(11) DEFAULT NULL,
  `race2` varchar(200) DEFAULT NULL,
  `nationality2` varchar(200) DEFAULT NULL,
  `job2` varchar(200) DEFAULT NULL,
  `address2` varchar(200) DEFAULT NULL,
  `pic_idcard2` text DEFAULT NULL,
  `pic_home2` text DEFAULT NULL,
  `people` int(11) NOT NULL
) ENGINE=InnoDB DEFAULT CHARSET=utf8;

--
-- Dumping data for table `roommember`
--

INSERT INTO `roommember` (`member_id`, `room_id`, `come_date`, `out_date`, `member_cat`, `member_status`, `member_deposit`, `name_title`, `firstname`, `lastname`, `nickname`, `id_card`, `phone`, `email`, `birthday`, `age`, `race`, `nationality`, `job`, `address`, `pic_idcard`, `pic_home`, `name_title2`, `firstname2`, `lastname2`, `nickname2`, `id_card2`, `phone2`, `email2`, `birthday2`, `age2`, `race2`, `nationality2`, `job2`, `address2`, `pic_idcard2`, `pic_home2`, `people`) VALUES
(5, '201', '2020-12-27', NULL, 'รายเดือน', 'กำลังเข้าพัก', 0.00, 'นาย', 'นวพล', 'นรเดชานันท์', 'เกม', '1509966011521', '0956722914', 'blackfrostier@gmail.com', '1998-12-21', 22, 'ไทย', 'ไทย', 'นักศึกษา', '140/40 หมู่ 2 ต.หนองป่าครั่ง อ.เมือง จ.เชียงใหม่ 50000', 'id_201.jpg', 'home_201.jpg', 'นางสาว', 'สุภิศรา', 'เตชนันท์', 'แยม', '5556667778889', '0620477145', 'supisra45.30@gmail.com', '1999-04-22', 21, 'ไทย', 'ไทย', 'นักศึกษา', 'เลขที่ 288 หมู่ที่ 5 ตำบล ริมกก อำเภอ เมืองเชียงราย จังหวัด เชียงราย 57100', 'id_202.jpg', 'home_202.jpg', 2),
(6, '202', '2020-12-28', NULL, 'รายเดือน', 'กำลังเข้าพัก', 0.00, 'นาย', 'พงศธร', 'สร้อยอินต๊ะ', 'นนท์', '1465544564654', '0987445556', 'blackfrostier@gmail.com', '1998-12-23', 22, 'ไทย', 'ไทย', 'นักศึกษา', 'กองบัญชาการกองทัพบก ถนนราชดำเนินนอก เขตพระนคร กรุงเทพฯ 10200', 'id_202.jpg', 'home_202.jpg', NULL, NULL, NULL, NULL, NULL, NULL, NULL, NULL, NULL, NULL, NULL, NULL, NULL, NULL, NULL, 1),
(88, '307', '2021-01-23', '2021-01-24', 'รายวัน', 'แจ้งออกแล้ว', 0.00, 'นาย', 'พงศธร', 'สร้อยอินต๊ะ', '', '5556667778889', '2255889944', 'blackfrostier@gmail.com', NULL, NULL, NULL, NULL, NULL, NULL, '404365.jpg', NULL, NULL, NULL, NULL, NULL, NULL, NULL, NULL, NULL, NULL, NULL, NULL, NULL, NULL, NULL, NULL, 0),
(89, '308', '2021-01-23', '2021-01-24', 'รายวัน', 'แจ้งออกแล้ว', 0.00, 'นาย', 'พงศธร', 'สร้อยอินต๊ะ', '', '5556667778889', '2255889944', 'blackfrostier@gmail.com', NULL, NULL, NULL, NULL, NULL, NULL, '404365.jpg', NULL, NULL, NULL, NULL, NULL, NULL, NULL, NULL, NULL, NULL, NULL, NULL, NULL, NULL, NULL, NULL, 0),
(90, '305', '2021-01-24', '2021-01-25', 'รายวัน', 'แจ้งออกแล้ว', 0.00, 'นาย', 'นวพล', 'นรเดชานันท์', '', '1509966011521', '0956722914', 'blackfrostier@gmail.com', NULL, NULL, NULL, NULL, NULL, NULL, 'Rabbit-01.jpg', NULL, NULL, NULL, NULL, NULL, NULL, NULL, NULL, NULL, NULL, NULL, NULL, NULL, NULL, NULL, NULL, 0),
(91, '307', '2021-02-07', '2021-02-08', 'รายวัน', 'แจ้งออกแล้ว', 0.00, 'นางสาว', 'เกมน้อย', 'คอยรัก', '', '4445556667778', '0956722914', 'supisra45.30@gmail.com', NULL, NULL, NULL, NULL, NULL, NULL, '404365.jpg', NULL, NULL, NULL, NULL, NULL, NULL, NULL, NULL, NULL, NULL, NULL, NULL, NULL, NULL, NULL, NULL, 0),
(92, '307', '2021-02-09', '2021-02-10', 'รายวัน', 'แจ้งออกแล้ว', 0.00, 'นาย', 'เกมน้อย', 'คอยรัก', '', '4445556667778', '0956722914', 'blackfrostier@gmail.com', NULL, NULL, NULL, NULL, NULL, NULL, '143226403_1116820225408684_8871972092969217079_n.jpg', NULL, NULL, NULL, NULL, NULL, NULL, NULL, NULL, NULL, NULL, NULL, NULL, NULL, NULL, NULL, NULL, 0),
(93, '305', '2021-02-10', '2021-02-12', 'รายวัน', 'แจ้งออกแล้ว', 0.00, 'นาย', 'สุภิศรา', 'เตชนันท์', '', '5556667778889', '0620477145', 'blackfrostier@gmail.com', NULL, NULL, NULL, NULL, NULL, NULL, '142906610_1911442075675453_1437220862087929639_n.jpg', NULL, NULL, NULL, NULL, NULL, NULL, NULL, NULL, NULL, NULL, NULL, NULL, NULL, NULL, NULL, NULL, 0),
(96, '203', '2020-02-12', '2021-02-12', 'รายเดือน', 'แจ้งออกแล้ว', 3000.00, 'นางสาว', 'เกมน้อย', 'คอยรัก', 'ลาวา', '6665559993333', '6669998888', 'supisra45.30@gmail.com', '1998-01-19', 23, 'ไทย', 'ไทย', 'พนักงานร้านกาแฟ', 'ห้อง B421 หอพักมุกไพลินแม่โจ้', '143226403_1116820225408684_8871972092969217079_n.jpg', '142906610_1911442075675453_1437220862087929639_n.jpg', 'นางสาว', 'แยมน้อย', 'คอยเกม', 'คอตต้อนบราวนี', '3332221111111', '0005559999', 'seagame_prc@hotmail.com', '1999-04-22', 21, 'ไทย', 'ไทย', 'พนักงานร้านเหล้า', 'เลขที่ 288 หมู่ที่ 5 ตำบล ริมกก อำเภอ เมืองเชียงราย จังหวัด เชียงราย 57100', '115829682_3345399482178668_7710700474312287945_o.jpg', 'Rabbit-01.jpg', 2),
(97, '203', '2019-12-01', '2021-02-12', 'รายเดือน', 'แจ้งออกแล้ว', 3000.00, 'นาย', 'คอตต้อน', 'กระต่ายป่า', 'กาตุ่ย', '8885552223333', '5557779999', 'cotton@gmail.com', '2017-10-10', 3, 'ไทย', 'ไทย', 'นักนอนประจำ', 'ห้อง B421 หอพักมุกไพลินแม่โจ้', 'id_204.jpg', 'home_204.jpg', NULL, NULL, NULL, NULL, NULL, NULL, NULL, NULL, NULL, NULL, NULL, NULL, NULL, NULL, NULL, 1),
(98, '203', '2021-02-01', NULL, 'รายเดือน', 'กำลังเข้าพัก', 3000.00, 'นาย', 'เกมน้อย', 'คอยรัก', 'ลาวา', '6665559993333', '0956722914', 'seagame_prc@hotmail.com', '1998-12-21', 22, 'ไทย', 'ไทย', 'พนักงานร้านกาแฟ', 'ห้อง B421 หอพักมุกไพลินแม่โจ้', 'id_203.jpg', 'home_203.jpg', NULL, NULL, NULL, NULL, NULL, NULL, NULL, NULL, NULL, NULL, NULL, NULL, NULL, NULL, NULL, 1),
(99, '305', '2021-02-17', '2021-02-18', 'รายวัน', 'แจ้งออกแล้ว', 0.00, 'นาย', 'นวพล', 'นรเดชานันท์', '', '1509966011521', '0956722914', 'blackfrostier@gmail.com', NULL, NULL, NULL, NULL, NULL, NULL, '404365.jpg', NULL, NULL, NULL, NULL, NULL, NULL, NULL, NULL, NULL, NULL, NULL, NULL, NULL, NULL, NULL, NULL, 0);

-- --------------------------------------------------------

--
-- Table structure for table `rule`
--

CREATE TABLE `rule` (
  `rule_detail` varchar(2000) NOT NULL
) ENGINE=InnoDB DEFAULT CHARSET=utf8;

--
-- Dumping data for table `rule`
--

INSERT INTO `rule` (`rule_detail`) VALUES
('1. ผู้เช่าจะต้องอยู่ครบ 6 เดือน พร้อมด้วยการแจ้งล่วงหน้าอย่างน้อย 1 เดือน ทางผู้ให้เช่าจึงจะคืนเงินประกันให้\r\n2. ผู้เช่าจะต้องชำระเงินค่าห้อง ค่าน้ำ และค่าไฟ ก่อนวันที่ 5 ของทุกเดือนหากจ่ายช้ากว่ากำหนดทางผู้เช่าจะเก็บวันละ 150 บาท หากผู้เช่าค้างชำระเกิน 15 วัน ทางผู้ให้เช่ามีสิทธิ์ให้ผู้เช่าออกโดยไม่คืนเงินประกัน\r\n3. ห้ามนำของผิดกฏหมายเข้ามาในห้องพักโดยเด็ดขาด และทางผู้ให้เช่าจะไม่รับผิดชอบใด ๆ ทั้งสิ้น\r\n4. ห้ามเปิด ทีวี เครื่องเสียง วิทยุ ส่งเสียงดัง หรือทำกิจกรรมใด ๆ ที่ทำให้เกิดเสียงดังรบกวนผู้อื่น\r\n5. ห้ามนำสัตว์เลี้ยงทุกชนิดเข้ามาเลี้ยงในห้องพักอย่างเด็ดขาด\r\n6.ห้ามก่อการทะเลาะวิวาท ภายในบริเวณหอพัก\r\n7. ห้ามดื่มสุรา สูบบุหรี่ และสิ่งเสพติดทุกชนิดภายในบริเวณหอพัก\r\n8. ห้ามเล่นการพนันทุกชนิดภายในห้องพัก\r\n9. ห้ามตอกตะปู ติดรูป สติ๊กเกอร์ ภายในห้องพัก และทรัพย์สินของทางหอพัก หายพบจะต้องเสียค่าปรับจุดละ 50 บาท\r\n10. กรณีที่ทำลูกกุญแจหาย ปรับ 100 บาท / ลูก และบัตรคีย์การ์ดหาย ปรับ 200 บาท / ใบ\r\n11. ห้ามประกอบอาหาร โดยใช้แก๊สหุงต้มโดยเด็ดขาด\r\n12. ปิดน้ำประปา และไฟฟ้าให้เรียบร้อยก่อนออกจากห้องพักทุกครั้ง\r\n13. ทางหอพักจะไม่รับผิดชอบทรัพย์สินมีค่าใด ๆ ในกรณีที่เกิดการสูญหาย\r\n14. ทางหอพักได้จัดเตรียม ตู้เสื้อผ้า เตียงนอน ที่นอนสปริง ผ้ารองกันเปื้อน ผ้าปูที่นอน โต๊ะทำงาน พัดลม เครื่องทำน้ำอุ่น และผ้าม่านให้ผู้เช่าไว้พร้อมในห้องพัก แต่ถ้าอุปกรณ์เครื่องใช้เกิดการชำรุด หรือเสียหาย ทางผู้ให้เช่าจะยึดเงินค่าประกัน และเรียกเก็บเพิ่มตามแต่เห็นสมควรของมูลค่าทรัพย์สิน-อุปกรณ์ ที่ชำรุดเสียหายนั้น\r\n15. ทางหอพักสามารถเข้าได้ตลอด 24 ชั่วโมง หากผู้เช่าเข้าหอพักหลังเวลา 20.00 น. ให้ล็อคกุญแจประตูใหญ่ด้านหน้าทุกครั้ง\r\n16. เพื่อความปลอดภัยของผู้เช่าห้องพัก ทางผู้ดูแลหอพักได้บันทึกภาพกล้องวงจรปิดไว้ตลอด 24 ชั่วโมง ห้ามกระทำการใด ๆ ที่ผิดกฎระเบียบฯ หรือผิดกฎหมายอย่างเด็ดขาด\r\n17. ขยะก่อนนำมาทิ้งให้ใส่ถุงขยะที่มีตราของเทศบาลตำบลหนองป่าครั่งเท่านั้น\r\n18. ห้องพักสามารถพักได้ไม่เกิน 2 คน และต้องแจ้งให้ผู้เช่าทราบก่อนทุกครั่ง หากฝ่าฝืนปรับ 200 บาท / วัน หรือให้ออกจากห้องพักทันที\r\n** หากผู้เช่าทำผิดกฎระเบียบข้างต้น ผู้ให้เช่ามีสิทธิ์ให้ออกโดยไม่คืนค่าประกันไม่ว่ากรณีใด ๆ **');

--
-- Indexes for dumped tables
--

--
-- Indexes for table `air_gal`
--
ALTER TABLE `air_gal`
  ADD PRIMARY KEY (`gal_id`);

--
-- Indexes for table `appeal`
--
ALTER TABLE `appeal`
  ADD PRIMARY KEY (`appeal_id`);

--
-- Indexes for table `cost`
--
ALTER TABLE `cost`
  ADD PRIMARY KEY (`cost_id`);

--
-- Indexes for table `daily`
--
ALTER TABLE `daily`
  ADD PRIMARY KEY (`daily_id`);

--
-- Indexes for table `dailycost`
--
ALTER TABLE `dailycost`
  ADD PRIMARY KEY (`dailycost_id`);

--
-- Indexes for table `employee`
--
ALTER TABLE `employee`
  ADD PRIMARY KEY (`employee_id`);

--
-- Indexes for table `fan_gal`
--
ALTER TABLE `fan_gal`
  ADD PRIMARY KEY (`gal_id`);

--
-- Indexes for table `gallery`
--
ALTER TABLE `gallery`
  ADD PRIMARY KEY (`gallery_id`);

--
-- Indexes for table `login`
--
ALTER TABLE `login`
  ADD PRIMARY KEY (`username`);

--
-- Indexes for table `logs`
--
ALTER TABLE `logs`
  ADD PRIMARY KEY (`log_id`);

--
-- Indexes for table `package`
--
ALTER TABLE `package`
  ADD PRIMARY KEY (`package_id`);

--
-- Indexes for table `promptpay`
--
ALTER TABLE `promptpay`
  ADD PRIMARY KEY (`prompt_id`);

--
-- Indexes for table `repair`
--
ALTER TABLE `repair`
  ADD PRIMARY KEY (`repair_id`);

--
-- Indexes for table `roomdetail`
--
ALTER TABLE `roomdetail`
  ADD PRIMARY KEY (`type`);

--
-- Indexes for table `roomlist`
--
ALTER TABLE `roomlist`
  ADD PRIMARY KEY (`room_id`);

--
-- Indexes for table `roommember`
--
ALTER TABLE `roommember`
  ADD PRIMARY KEY (`member_id`);

--
-- AUTO_INCREMENT for dumped tables
--

--
-- AUTO_INCREMENT for table `air_gal`
--
ALTER TABLE `air_gal`
  MODIFY `gal_id` int(11) NOT NULL AUTO_INCREMENT, AUTO_INCREMENT=8;

--
-- AUTO_INCREMENT for table `appeal`
--
ALTER TABLE `appeal`
  MODIFY `appeal_id` int(11) NOT NULL AUTO_INCREMENT, AUTO_INCREMENT=7;

--
-- AUTO_INCREMENT for table `cost`
--
ALTER TABLE `cost`
  MODIFY `cost_id` int(11) NOT NULL AUTO_INCREMENT, AUTO_INCREMENT=16;

--
-- AUTO_INCREMENT for table `daily`
--
ALTER TABLE `daily`
  MODIFY `daily_id` int(11) NOT NULL AUTO_INCREMENT, AUTO_INCREMENT=31;

--
-- AUTO_INCREMENT for table `employee`
--
ALTER TABLE `employee`
  MODIFY `employee_id` int(11) NOT NULL AUTO_INCREMENT, AUTO_INCREMENT=47;

--
-- AUTO_INCREMENT for table `fan_gal`
--
ALTER TABLE `fan_gal`
  MODIFY `gal_id` int(11) NOT NULL AUTO_INCREMENT, AUTO_INCREMENT=80;

--
-- AUTO_INCREMENT for table `gallery`
--
ALTER TABLE `gallery`
  MODIFY `gallery_id` int(11) NOT NULL AUTO_INCREMENT, AUTO_INCREMENT=39;

--
-- AUTO_INCREMENT for table `logs`
--
ALTER TABLE `logs`
  MODIFY `log_id` int(11) NOT NULL AUTO_INCREMENT, AUTO_INCREMENT=319;

--
-- AUTO_INCREMENT for table `package`
--
ALTER TABLE `package`
  MODIFY `package_id` int(11) NOT NULL AUTO_INCREMENT, AUTO_INCREMENT=17;

--
-- AUTO_INCREMENT for table `promptpay`
--
ALTER TABLE `promptpay`
  MODIFY `prompt_id` int(11) NOT NULL AUTO_INCREMENT, AUTO_INCREMENT=3;

--
-- AUTO_INCREMENT for table `repair`
--
ALTER TABLE `repair`
  MODIFY `repair_id` int(11) NOT NULL AUTO_INCREMENT, AUTO_INCREMENT=16;

--
-- AUTO_INCREMENT for table `roommember`
--
ALTER TABLE `roommember`
  MODIFY `member_id` int(11) NOT NULL AUTO_INCREMENT, AUTO_INCREMENT=100;
COMMIT;

/*!40101 SET CHARACTER_SET_CLIENT=@OLD_CHARACTER_SET_CLIENT */;
/*!40101 SET CHARACTER_SET_RESULTS=@OLD_CHARACTER_SET_RESULTS */;
/*!40101 SET COLLATION_CONNECTION=@OLD_COLLATION_CONNECTION */;
