-- phpMyAdmin SQL Dump
-- version 5.0.2
-- https://www.phpmyadmin.net/
--
-- Host: 127.0.0.1
-- Generation Time: Mar 03, 2021 at 12:54 PM
-- Server version: 10.4.13-MariaDB
-- PHP Version: 7.4.7

SET SQL_MODE = "NO_AUTO_VALUE_ON_ZERO";
START TRANSACTION;
SET time_zone = "+00:00";


/*!40101 SET @OLD_CHARACTER_SET_CLIENT=@@CHARACTER_SET_CLIENT */;
/*!40101 SET @OLD_CHARACTER_SET_RESULTS=@@CHARACTER_SET_RESULTS */;
/*!40101 SET @OLD_COLLATION_CONNECTION=@@COLLATION_CONNECTION */;
/*!40101 SET NAMES utf8mb4 */;

--
-- Database: `pingfah`
--

-- --------------------------------------------------------

--
-- Table structure for table `air_gal`
--

CREATE TABLE `air_gal` (
  `gal_id` int(11) NOT NULL,
  `gal_name` varchar(100) NOT NULL
) ENGINE=InnoDB DEFAULT CHARSET=utf8;

--
-- Dumping data for table `air_gal`
--

INSERT INTO `air_gal` (`gal_id`, `gal_name`) VALUES
(1, 'GOPR1568.JPG'),
(2, 'GOPR1569.JPG'),
(3, 'GOPR1571.JPG'),
(4, 'GOPR1570.JPG');

-- --------------------------------------------------------

--
-- Table structure for table `appeal`
--

CREATE TABLE `appeal` (
  `appeal_id` int(11) NOT NULL,
  `member_id` int(11) NOT NULL,
  `room_id` varchar(10) NOT NULL,
  `appeal_topic` varchar(50) NOT NULL,
  `appeal_detail` varchar(100) NOT NULL,
  `appeal_date` varchar(20) NOT NULL
) ENGINE=InnoDB DEFAULT CHARSET=utf8;

-- --------------------------------------------------------

--
-- Table structure for table `cost`
--

CREATE TABLE `cost` (
  `cost_id` int(11) NOT NULL,
  `member_id` int(11) NOT NULL,
  `room_id` varchar(10) NOT NULL,
  `room_type` varchar(20) NOT NULL,
  `member_status` varchar(20) NOT NULL,
  `cost_status` varchar(20) NOT NULL,
  `date` varchar(20) NOT NULL,
  `pay_date` varchar(20) DEFAULT NULL,
  `room_cost` float(11,2) NOT NULL,
  `water_bill` float(11,2) NOT NULL,
  `elec_bill` float(11,2) NOT NULL,
  `cable_charge` float(11,2) NOT NULL,
  `fines` float(11,2) DEFAULT NULL,
  `deposit` float(11,2) DEFAULT NULL,
  `deposit_after` float(11,2) DEFAULT NULL,
  `total` float(11,2) NOT NULL,
  `pay_img` varchar(50) DEFAULT NULL
) ENGINE=InnoDB DEFAULT CHARSET=utf8;

--
-- Dumping data for table `cost`
--

INSERT INTO `cost` (`cost_id`, `member_id`, `room_id`, `room_type`, `member_status`, `cost_status`, `date`, `pay_date`, `room_cost`, `water_bill`, `elec_bill`, `cable_charge`, `fines`, `deposit`, `deposit_after`, `total`, `pay_img`) VALUES
(1, 1, '201', 'แอร์', 'กำลังเข้าพัก', 'ชำระเงินแล้ว', '2020-05', '2020-05-01', 2700.00, 0.00, 0.00, 0.00, NULL, 3000.00, NULL, 5700.00, NULL),
(2, 2, '202', 'แอร์', 'กำลังเข้าพัก', 'ชำระเงินแล้ว', '2020-05', '2020-05-01', 2700.00, 0.00, 0.00, 0.00, NULL, 3000.00, NULL, 5700.00, NULL),
(3, 3, '206', 'พัดลม', 'กำลังเข้าพัก', 'ชำระเงินแล้ว', '2020-05', '2020-05-01', 2300.00, 0.00, 0.00, 0.00, NULL, 2500.00, NULL, 4800.00, NULL),
(4, 4, '203', 'แอร์', 'กำลังเข้าพัก', 'ชำระเงินแล้ว', '2020-05', '2020-05-01', 2700.00, 0.00, 0.00, 0.00, NULL, 3000.00, NULL, 5700.00, NULL),
(5, 1, '201', 'แอร์', 'กำลังเข้าพัก', 'ชำระเงินแล้ว', '2020-05', '2020-06-01', 2700.00, 80.00, 345.00, 105.00, NULL, NULL, NULL, 3230.00, NULL),
(6, 2, '202', 'แอร์', 'กำลังเข้าพัก', 'ชำระเงินแล้ว', '2020-05', '2020-06-04', 2700.00, 80.00, 383.00, 105.00, NULL, NULL, NULL, 3268.00, NULL),
(7, 4, '203', 'แอร์', 'กำลังเข้าพัก', 'ชำระเงินแล้ว', '2020-05', '2020-06-03', 2700.00, 80.00, 420.00, 105.00, NULL, NULL, NULL, 3305.00, NULL),
(8, 3, '206', 'พัดลม', 'กำลังเข้าพัก', 'ชำระเงินแล้ว', '2020-05', '2020-06-03', 2300.00, 80.00, 225.00, 105.00, NULL, NULL, NULL, 2710.00, NULL),
(9, 5, '204', 'แอร์', 'กำลังเข้าพัก', 'ชำระเงินแล้ว', '2020-06', '2021-06-01', 2700.00, 0.00, 0.00, 0.00, NULL, 3000.00, NULL, 5700.00, NULL),
(11, 1, '201', 'แอร์', 'กำลังเข้าพัก', 'ชำระเงินแล้ว', '2020-06', '2020-07-06', 2700.00, 80.00, 323.00, 105.00, 150.00, NULL, NULL, 3358.00, NULL),
(12, 2, '202', 'แอร์', 'กำลังเข้าพัก', 'ชำระเงินแล้ว', '2020-06', '2020-07-04', 2700.00, 80.00, 488.00, 105.00, NULL, NULL, NULL, 3373.00, NULL),
(13, 4, '203', 'แอร์', 'กำลังเข้าพัก', 'ชำระเงินแล้ว', '2020-06', '2020-07-05', 2700.00, 80.00, 373.00, 105.00, NULL, NULL, NULL, 3258.00, NULL),
(14, 5, '204', 'แอร์', 'กำลังเข้าพัก', 'ชำระเงินแล้ว', '2020-06', '2020-07-04', 2700.00, 80.00, 422.00, 105.00, NULL, NULL, NULL, 3307.00, NULL),
(15, 3, '206', 'พัดลม', 'กำลังเข้าพัก', 'ชำระเงินแล้ว', '2020-06', '2020-07-04', 2300.00, 80.00, 323.00, 105.00, NULL, NULL, NULL, 2808.00, NULL),
(16, 1, '201', 'แอร์', 'กำลังเข้าพัก', 'ชำระเงินแล้ว', '2020-07', '2020-08-03', 2700.00, 80.00, 548.00, 105.00, NULL, NULL, NULL, 3433.00, NULL),
(17, 2, '202', 'แอร์', 'กำลังเข้าพัก', 'ชำระเงินแล้ว', '2020-07', '2020-08-03', 2700.00, 80.00, 461.00, 105.00, NULL, NULL, NULL, 3346.00, NULL),
(18, 4, '203', 'แอร์', 'กำลังเข้าพัก', 'ชำระเงินแล้ว', '2020-07', '2020-08-02', 2700.00, 80.00, 387.00, 105.00, NULL, NULL, NULL, 3272.00, NULL),
(19, 5, '204', 'แอร์', 'กำลังเข้าพัก', 'ชำระเงินแล้ว', '2020-07', '2020-08-04', 2700.00, 80.00, 584.00, 105.00, NULL, NULL, NULL, 3469.00, NULL),
(20, 3, '206', 'พัดลม', 'กำลังเข้าพัก', 'ชำระเงินแล้ว', '2020-07', '2020-08-02', 2300.00, 80.00, 340.00, 105.00, NULL, NULL, NULL, 2825.00, NULL),
(21, 6, '208', 'แอร์', 'กำลังเข้าพัก', 'ชำระเงินแล้ว', '2020-08', '2020-08-01', 2700.00, 0.00, 0.00, 0.00, NULL, 3000.00, NULL, 5700.00, NULL),
(22, 1, '201', 'แอร์', 'กำลังเข้าพัก', 'ชำระเงินแล้ว', '2020-08', '2020-09-01', 2700.00, 80.00, 423.00, 105.00, NULL, NULL, NULL, 3308.00, NULL),
(23, 2, '202', 'แอร์', 'กำลังเข้าพัก', 'ชำระเงินแล้ว', '2020-08', '2020-09-05', 2700.00, 80.00, 407.00, 105.00, NULL, NULL, NULL, 3292.00, NULL),
(24, 4, '203', 'แอร์', 'กำลังเข้าพัก', 'ชำระเงินแล้ว', '2020-08', '2020-09-03', 2700.00, 80.00, 485.00, 105.00, NULL, NULL, NULL, 3370.00, NULL),
(25, 5, '204', 'แอร์', 'กำลังเข้าพัก', 'ชำระเงินแล้ว', '2020-08', '2020-08-30', 2700.00, 80.00, 434.00, 105.00, NULL, NULL, NULL, 3319.00, NULL),
(26, 3, '206', 'พัดลม', 'กำลังเข้าพัก', 'ชำระเงินแล้ว', '2020-08', '2020-09-01', 2300.00, 80.00, 250.00, 105.00, NULL, NULL, NULL, 2735.00, NULL),
(27, 6, '208', 'แอร์', 'กำลังเข้าพัก', 'ชำระเงินแล้ว', '2020-08', '2020-08-31', 2700.00, 80.00, 347.00, 105.00, NULL, NULL, NULL, 3232.00, NULL),
(28, 1, '201', 'แอร์', 'กำลังเข้าพัก', 'ชำระเงินแล้ว', '2020-09', '2020-10-01', 2700.00, 80.00, 349.00, 105.00, NULL, NULL, NULL, 3234.00, NULL),
(29, 2, '202', 'แอร์', 'กำลังเข้าพัก', 'ชำระเงินแล้ว', '2020-09', '2020-10-02', 2700.00, 80.00, 344.00, 105.00, NULL, NULL, NULL, 3229.00, NULL),
(30, 4, '203', 'แอร์', 'กำลังเข้าพัก', 'ชำระเงินแล้ว', '2020-09', '2020-10-01', 2700.00, 80.00, 400.00, 105.00, NULL, NULL, NULL, 3285.00, NULL),
(31, 5, '204', 'แอร์', 'กำลังเข้าพัก', 'ชำระเงินแล้ว', '2020-09', '2020-10-06', 2700.00, 80.00, 454.00, 105.00, 150.00, NULL, NULL, 3489.00, NULL),
(32, 3, '206', 'พัดลม', 'กำลังเข้าพัก', 'ชำระเงินแล้ว', '2020-09', '2020-09-31', 2300.00, 80.00, 343.00, 105.00, NULL, NULL, NULL, 2828.00, NULL),
(33, 6, '208', 'แอร์', 'กำลังเข้าพัก', 'ชำระเงินแล้ว', '2020-09', '2020-09-31', 2700.00, 80.00, 475.00, 105.00, NULL, NULL, NULL, 3360.00, NULL),
(34, 6, '208', 'แอร์', 'แจ้งออกแล้ว', 'ชำระเงินแล้ว', '2020-10', '2020-10-31', 0.00, 80.00, 494.00, 105.00, NULL, NULL, 0.00, 679.00, NULL),
(35, 1, '201', 'แอร์', 'กำลังเข้าพัก', 'ชำระเงินแล้ว', '2020-10', '2020-10-31', 2700.00, 80.00, 367.00, 105.00, NULL, NULL, NULL, 3252.00, NULL),
(36, 2, '202', 'แอร์', 'กำลังเข้าพัก', 'ชำระเงินแล้ว', '2020-10', '2020-11-02', 2700.00, 80.00, 424.00, 105.00, NULL, NULL, NULL, 3309.00, NULL),
(37, 4, '203', 'แอร์', 'กำลังเข้าพัก', 'ชำระเงินแล้ว', '2020-10', '2020-11-02', 2700.00, 80.00, 482.00, 105.00, NULL, NULL, NULL, 3367.00, NULL),
(38, 5, '204', 'แอร์', 'กำลังเข้าพัก', 'ชำระเงินแล้ว', '2020-10', '2020-11-01', 2700.00, 80.00, 440.00, 105.00, NULL, NULL, NULL, 3325.00, NULL),
(39, 3, '206', 'พัดลม', 'กำลังเข้าพัก', 'ชำระเงินแล้ว', '2020-10', '2020-11-03', 2300.00, 80.00, 475.00, 105.00, NULL, NULL, NULL, 2960.00, NULL),
(40, 1, '201', 'แอร์', 'กำลังเข้าพัก', 'ชำระเงินแล้ว', '2020-11', '2020-12-05', 2700.00, 80.00, 406.00, 105.00, NULL, NULL, NULL, 3291.00, NULL),
(41, 2, '202', 'แอร์', 'กำลังเข้าพัก', 'ชำระเงินแล้ว', '2020-11', '2020-12-05', 2700.00, 80.00, 350.00, 105.00, NULL, NULL, NULL, 3235.00, NULL),
(42, 4, '203', 'แอร์', 'กำลังเข้าพัก', 'ชำระเงินแล้ว', '2020-11', '2020-12-04', 2700.00, 80.00, 414.00, 105.00, NULL, NULL, NULL, 3299.00, NULL),
(43, 5, '204', 'แอร์', 'กำลังเข้าพัก', 'ชำระเงินแล้ว', '2020-11', '2020-12-03', 2700.00, 80.00, 375.00, 105.00, NULL, NULL, NULL, 3260.00, NULL),
(44, 3, '206', 'พัดลม', 'กำลังเข้าพัก', 'ชำระเงินแล้ว', '2020-11', '2020-12-04', 2300.00, 80.00, 302.00, 105.00, NULL, NULL, NULL, 2787.00, NULL),
(45, 1, '201', 'แอร์', 'กำลังเข้าพัก', 'ชำระเงินแล้ว', '2020-12', '2021-01-05', 2700.00, 80.00, 367.00, 105.00, NULL, NULL, NULL, 3252.00, NULL),
(46, 2, '202', 'แอร์', 'กำลังเข้าพัก', 'ชำระเงินแล้ว', '2020-12', '2021-01-04', 2700.00, 80.00, 343.00, 105.00, NULL, NULL, NULL, 3228.00, NULL),
(47, 4, '203', 'แอร์', 'กำลังเข้าพัก', 'ชำระเงินแล้ว', '2020-12', '2021-01-05', 2700.00, 80.00, 385.00, 105.00, NULL, NULL, NULL, 3270.00, NULL),
(48, 5, '204', 'แอร์', 'กำลังเข้าพัก', 'ชำระเงินแล้ว', '2020-12', '2021-01-05', 2700.00, 80.00, 408.00, 105.00, NULL, NULL, NULL, 3293.00, NULL),
(49, 3, '206', 'พัดลม', 'กำลังเข้าพัก', 'ชำระเงินแล้ว', '2020-12', '2021-01-05', 2300.00, 80.00, 315.00, 105.00, NULL, NULL, NULL, 2800.00, NULL),
(50, 7, '207', 'พัดลม', 'กำลังเข้าพัก', 'ชำระเงินแล้ว', '2021-01', '2021-01-01', 2300.00, 0.00, 0.00, 0.00, NULL, 2500.00, NULL, 4800.00, NULL),
(51, 1, '201', 'แอร์', 'กำลังเข้าพัก', 'ชำระเงินแล้ว', '2021-01', '2021-02-04', 2700.00, 80.00, 335.00, 105.00, NULL, NULL, NULL, 3220.00, NULL),
(52, 2, '202', 'แอร์', 'กำลังเข้าพัก', 'ชำระเงินแล้ว', '2021-01', '2021-02-04', 2700.00, 80.00, 318.00, 105.00, NULL, NULL, NULL, 3203.00, NULL),
(53, 4, '203', 'แอร์', 'กำลังเข้าพัก', 'ชำระเงินแล้ว', '2021-01', '2021-02-03', 2700.00, 80.00, 350.00, 105.00, NULL, NULL, NULL, 3235.00, NULL),
(54, 5, '204', 'แอร์', 'กำลังเข้าพัก', 'ชำระเงินแล้ว', '2021-01', '2021-02-03', 2700.00, 80.00, 376.00, 105.00, NULL, NULL, NULL, 3261.00, NULL),
(55, 3, '206', 'พัดลม', 'กำลังเข้าพัก', 'ชำระเงินแล้ว', '2021-01', '2021-02-01', 2300.00, 80.00, 327.00, 105.00, NULL, NULL, NULL, 2812.00, NULL),
(56, 7, '207', 'พัดลม', 'กำลังเข้าพัก', 'ชำระเงินแล้ว', '2021-01', '2021-02-02', 2300.00, 160.00, 333.00, 105.00, NULL, NULL, NULL, 2898.00, NULL),
(57, 1, '201', 'แอร์', 'กำลังเข้าพัก', 'รอการชำระเงิน', '2021-02', NULL, 2700.00, 80.00, 401.00, 105.00, NULL, NULL, NULL, 3286.00, NULL),
(58, 2, '202', 'แอร์', 'กำลังเข้าพัก', 'รอการชำระเงิน', '2021-02', NULL, 2700.00, 80.00, 372.00, 105.00, NULL, NULL, NULL, 3257.00, NULL),
(59, 4, '203', 'แอร์', 'กำลังเข้าพัก', 'รอการชำระเงิน', '2021-02', NULL, 2700.00, 80.00, 352.00, 105.00, NULL, NULL, NULL, 3237.00, NULL),
(60, 5, '204', 'แอร์', 'กำลังเข้าพัก', 'รอการชำระเงิน', '2021-02', NULL, 2700.00, 80.00, 409.00, 105.00, NULL, NULL, NULL, 3294.00, NULL),
(61, 3, '206', 'พัดลม', 'กำลังเข้าพัก', 'รอการชำระเงิน', '2021-02', NULL, 2300.00, 80.00, 352.00, 105.00, NULL, NULL, NULL, 2837.00, NULL),
(62, 7, '207', 'พัดลม', 'กำลังเข้าพัก', 'รอการชำระเงิน', '2021-02', NULL, 2300.00, 160.00, 372.00, 105.00, NULL, NULL, NULL, 2937.00, NULL);

-- --------------------------------------------------------

--
-- Table structure for table `daily`
--

CREATE TABLE `daily` (
  `daily_id` int(11) NOT NULL,
  `name_title` varchar(10) NOT NULL,
  `firstname` varchar(50) NOT NULL,
  `lastname` varchar(50) NOT NULL,
  `id_card` varchar(13) NOT NULL,
  `email` varchar(100) NOT NULL,
  `tel` varchar(10) NOT NULL,
  `code` varchar(13) NOT NULL,
  `check_in` varchar(20) NOT NULL,
  `check_out` varchar(20) NOT NULL,
  `night` int(11) NOT NULL,
  `people` int(11) NOT NULL,
  `air_room` int(11) NOT NULL,
  `fan_room` int(11) NOT NULL,
  `daily_status` varchar(20) NOT NULL,
  `total_price` float(11,2) NOT NULL,
  `payment_price` float(11,2) NOT NULL,
  `payment_img` varchar(100) DEFAULT NULL,
  `warning_date` varchar(20) DEFAULT NULL,
  `room_select` varchar(100) DEFAULT NULL
) ENGINE=InnoDB DEFAULT CHARSET=utf8;

--
-- Dumping data for table `daily`
--

INSERT INTO `daily` (`daily_id`, `name_title`, `firstname`, `lastname`, `id_card`, `email`, `tel`, `code`, `check_in`, `check_out`, `night`, `people`, `air_room`, `fan_room`, `daily_status`, `total_price`, `payment_price`, `payment_img`, `warning_date`, `room_select`) VALUES
(1, 'นาย', 'พุฒิชัย', 'แก่นจันทร์', '8336303361733', 'nawapol.nwp01@gmail.com', '0954452235', 'FANAIL0103542', '2021-03-01', '2021-03-03', 2, 1, 0, 1, 'ยกเลิกการจอง', 535.00, 300.00, 'deposit_daily2.jpg', NULL, NULL),
(2, 'นางสาว', 'วิไลลักษณ์', 'พนมวาสน์', '4252204688801', 'blackfrostier@gmail.com', '0976253568', 'AIR45I0303723', '2021-03-03', '2021-03-05', 2, 1, 1, 0, 'รอการเข้าพัก', 749.00, 300.00, 'deposit_daily3.jpg', NULL, NULL),
(3, 'นาย', 'บราวนี', 'คอตต้อน', '4416000878221', 'blackfrostier@gmail.com', '0956722914', 'AIRARW0203572', '2021-03-02', '2021-03-03', 1, 1, 1, 0, 'เช็คเอาท์แล้ว', 375.00, 300.00, 'deposit_daily1.jpg', NULL, '305'),
(4, 'นาย', 'นวพล', 'นรเดชานันท์', '1531654156156', 'blackfrostier@gmail.com', '0956722914', 'AIRT400203572', '2021-03-02', '2021-03-03', 1, 1, 1, 0, 'ยกเลิกการจอง', 375.00, 300.00, 'deposit_daily1.jpg', NULL, NULL),
(6, 'นางสาว', 'สุภิศรา', 'เตชนันท์', '1579900827850', 'supisra45.30@gmail.com', '0620477145', 'FAN6DW0503247', '2021-03-05', '2021-03-07', 2, 2, 0, 1, 'รอการยืนยัน', 500.00, 300.00, 'deposit_daily4.jpg', NULL, NULL);

-- --------------------------------------------------------

--
-- Table structure for table `dailycost`
--

CREATE TABLE `dailycost` (
  `dailycost_id` int(11) NOT NULL,
  `code` varchar(13) NOT NULL,
  `damages` float(11,2) DEFAULT NULL,
  `total_allprice` float(11,2) NOT NULL,
  `pay_status` varchar(20) NOT NULL,
  `pay_img` varchar(100) DEFAULT NULL,
  `payafter_d_img` varchar(100) DEFAULT NULL
) ENGINE=InnoDB DEFAULT CHARSET=utf8;

--
-- Dumping data for table `dailycost`
--

INSERT INTO `dailycost` (`dailycost_id`, `code`, `damages`, `total_allprice`, `pay_status`, `pay_img`, `payafter_d_img`) VALUES
(3, 'AIRARW0203572', 0.00, 375.00, 'ชำระเงินแล้ว', NULL, NULL);

-- --------------------------------------------------------

--
-- Table structure for table `employee`
--

CREATE TABLE `employee` (
  `employee_id` int(11) NOT NULL,
  `come_date` varchar(20) NOT NULL,
  `out_date` varchar(20) DEFAULT NULL,
  `employee_status` varchar(20) NOT NULL,
  `title_name` varchar(10) NOT NULL,
  `firstname` varchar(50) NOT NULL,
  `lastname` varchar(50) NOT NULL,
  `nickname` varchar(50) NOT NULL,
  `position` varchar(50) NOT NULL,
  `id_card` varchar(13) NOT NULL,
  `tel` varchar(10) NOT NULL,
  `email` varchar(100) NOT NULL,
  `birthday` varchar(20) NOT NULL,
  `age` int(11) NOT NULL,
  `race` varchar(50) NOT NULL,
  `nationality` varchar(50) NOT NULL,
  `address` varchar(100) NOT NULL,
  `pic_idcard` varchar(100) NOT NULL,
  `pic_home` varchar(100) NOT NULL,
  `profile_img` varchar(100) NOT NULL
) ENGINE=InnoDB DEFAULT CHARSET=utf8;

--
-- Dumping data for table `employee`
--

INSERT INTO `employee` (`employee_id`, `come_date`, `out_date`, `employee_status`, `title_name`, `firstname`, `lastname`, `nickname`, `position`, `id_card`, `tel`, `email`, `birthday`, `age`, `race`, `nationality`, `address`, `pic_idcard`, `pic_home`, `profile_img`) VALUES
(2, '2019-03-01', NULL, 'กำลังทำงาน', 'นาย', 'นวพล', 'นรเดชานันท์', 'เกม', 'admin', '1509966011521', '0956722914', 'blackfrostier@gmail.com', '1998-12-21', 22, 'ไทย', 'ไทย', '140/40 หมู่ 2 ต.หนองป่าครั่ง อ.เมือง จ.เชียงใหม่ 50000', 'id_em1.jpg', 'home_em1.jpg', '404570.jpg'),
(3, '2020-05-01', NULL, 'กำลังทำงาน', 'นาย', 'พงศธร', 'สร้อยอินต๊ะ', 'นนท์', 'employee', '7324555647275', '0987445556', 'idea.01@gmail.com', '1998-12-23', 22, 'ไทย', 'ไทย', 'กองบัญชาการกองทัพบก ถนนราชดำเนินนอก เขตพระนคร กรุงเทพฯ 10200', 'id_em2.jpg', 'home_em2.jpg', 'profile2.jpg'),
(4, '2020-07-01', NULL, 'กำลังทำงาน', 'นาย', 'สุภิศรา', 'เตชนันท์', 'แยม', 'employee', '1225307546331', '0620477145', 'supisra45.30@gmail.com', '1999-03-02', 22, 'ไทย', 'ไทย', 'เลขที่ 288 หมู่ที่ 5 ตำบล ริมกก อำเภอ เมืองเชียงราย จังหวัด เชียงราย 57100', 'id_em3.jpg', 'home_em3.jpg', '117094314_3466888280022757_1501037714692968577_o.jpg');

-- --------------------------------------------------------

--
-- Table structure for table `fan_gal`
--

CREATE TABLE `fan_gal` (
  `gal_id` int(11) NOT NULL,
  `gal_name` varchar(100) NOT NULL
) ENGINE=InnoDB DEFAULT CHARSET=utf8;

--
-- Dumping data for table `fan_gal`
--

INSERT INTO `fan_gal` (`gal_id`, `gal_name`) VALUES
(5, 'GOPR1575.JPG'),
(6, 'GOPR1576.JPG'),
(7, 'GOPR1577.JPG'),
(9, 'GOPR1578.JPG');

-- --------------------------------------------------------

--
-- Table structure for table `gallery`
--

CREATE TABLE `gallery` (
  `gallery_id` int(11) NOT NULL,
  `gallery_name` varchar(100) NOT NULL
) ENGINE=InnoDB DEFAULT CHARSET=utf8;

--
-- Dumping data for table `gallery`
--

INSERT INTO `gallery` (`gallery_id`, `gallery_name`) VALUES
(7, 'GOPR1582.JPG'),
(8, 'GOPR1554.JPG'),
(9, 'GOPR1580.JPG'),
(10, 'GOPR1581.JPG'),
(11, 'GOPR1559.JPG'),
(12, 'GOPR1560.JPG'),
(13, 'GOPR1561.JPG'),
(18, 'GOPR1579.JPG'),
(19, 'GOPR1564.JPG'),
(20, 'GOPR1565.JPG'),
(21, 'GOPR1566.JPG'),
(22, 'GOPR1567.JPG'),
(23, 'GOPR1572.JPG'),
(24, 'GOPR1574.JPG');

-- --------------------------------------------------------

--
-- Table structure for table `login`
--

CREATE TABLE `login` (
  `username` varchar(100) NOT NULL,
  `member_id` int(11) DEFAULT NULL,
  `name` varchar(50) NOT NULL,
  `password` varchar(50) NOT NULL,
  `email` varchar(100) NOT NULL,
  `level` varchar(50) NOT NULL
) ENGINE=InnoDB DEFAULT CHARSET=utf8;

--
-- Dumping data for table `login`
--

INSERT INTO `login` (`username`, `member_id`, `name`, `password`, `email`, `level`) VALUES
('201', 1, '201', '472b43e957be103f74060010baf48e58', 'kant.fab@gmail.com', 'guest'),
('202', 2, '202', '3855eb55cc62b0324817ec53e3b05afd', 'somkid.madee@gmail.com', 'guest'),
('203', 4, '203', '6205e82cd0f42e5d8bbaa31b1fd94955', 'wandee.wonderful@gmail.com', 'guest'),
('204', 5, '204', 'ecd7c0f69dc3fc377aac2ad2656e21a8', 'tuesday.humen@gmail.com', 'guest'),
('206', 3, '206', 'c102bccb25b71431ff8628df42f105ab', 'manee14655@hotmail.com', 'guest'),
('207', 7, '207', 'f60a15bc75402ffcbf6ccf6e1c7bb6c5', 'cotton.rabbit@gmail.com', 'guest'),
('admin', NULL, 'admin', '81dc9bdb52d04dc20036dbd8313ed055', '', 'admin'),
('blackfrostier@gmail.com', NULL, 'นวพล', 'ef16b5fe40a49934ad40c0b059090b14', 'blackfrostier@gmail.com', 'admin'),
('idea.01@gmail.com', NULL, 'พงศธร', 'a810bbb70c22d04a87786ac249eea0ea', 'idea.01@gmail.com', 'employee'),
('supisra45.30@gmail.com', NULL, 'สุภิศรา', 'f5fd01fe1cf2ab244fa2a536e361dfde', 'supisra45.30@gmail.com', 'employee');

-- --------------------------------------------------------

--
-- Table structure for table `logs`
--

CREATE TABLE `logs` (
  `log_id` int(11) NOT NULL,
  `log_timestamp` timestamp NOT NULL DEFAULT current_timestamp() ON UPDATE current_timestamp(),
  `log_topic` varchar(50) NOT NULL,
  `log_detail` varchar(100) NOT NULL,
  `log_name` varchar(20) NOT NULL,
  `log_position` varchar(20) NOT NULL
) ENGINE=InnoDB DEFAULT CHARSET=utf8;

--
-- Dumping data for table `logs`
--

INSERT INTO `logs` (`log_id`, `log_timestamp`, `log_topic`, `log_detail`, `log_name`, `log_position`) VALUES
(1, '2021-02-28 08:41:35', 'พนักงาน', 'เพิ่มข้อมูลพนักงาน (นายนวพล นรเดชานันท์)', 'admin', 'admin'),
(2, '2021-02-28 08:41:59', 'พนักงาน', 'ลบข้อมูลพนักงาน (นายนวพล นรเดชานันท์)', 'admin', 'admin'),
(3, '2021-02-28 08:44:03', 'พนักงาน', 'เพิ่มข้อมูลพนักงาน (นายนวพล นรเดชานันท์)', 'admin', 'admin'),
(4, '2021-02-28 08:51:24', 'พนักงาน', 'เพิ่มข้อมูลพนักงาน (นายพงศธร สร้อยอินต๊ะ)', 'admin', 'admin'),
(5, '2021-02-28 08:54:01', 'พนักงาน', 'เพิ่มข้อมูลพนักงาน (นายสุภิศรา เตชนันท์)', 'admin', 'admin'),
(6, '2021-02-28 09:08:07', 'ข้อมูลลูกค้า', 'เพิ่มข้อมูลลูกค้า(ห้อง 201)', 'นวพล', 'admin'),
(7, '2021-02-28 09:22:13', 'ข้อมูลลูกค้า', 'เพิ่มข้อมูลลูกค้า(ห้อง 202)', 'นวพล', 'admin'),
(8, '2021-02-28 09:22:35', 'ข้อมูลลูกค้า', 'ลบข้อมูลลูกค้า(ห้อง 202)', 'นวพล', 'admin'),
(9, '2021-02-28 09:22:51', 'ชำระเงิน(รายเดือน)', 'ลบรายการชำระเงินค่าเช่าห้องพัก (ห้อง 202)(2021-02)', 'นวพล', 'admin'),
(10, '2021-02-28 09:25:04', 'ชำระเงิน(รายเดือน)', 'เพิ่มรายการชำระเงินค่าเช่าห้องพัก (ห้อง 201)(2021-02)', 'นวพล', 'admin'),
(11, '2021-02-28 09:25:19', 'ชำระเงิน(รายเดือน)', 'เพิ่มรายการชำระเงินค่าเช่าห้องพัก (ห้อง 201)(2021-02)', 'นวพล', 'admin'),
(12, '2021-02-28 09:25:58', 'ชำระเงิน(รายเดือน)', 'เพิ่มรายการชำระเงินค่าเช่าห้องพัก (ห้อง 201)(2021-02)', 'นวพล', 'admin'),
(13, '2021-02-28 09:31:37', 'ข้อมูลลูกค้า', 'เพิ่มข้อมูลลูกค้า(ห้อง 201)', 'นวพล', 'admin'),
(14, '2021-02-28 09:36:29', 'ข้อมูลลูกค้า', 'เพิ่มข้อมูลลูกค้า(ห้อง 202)', 'นวพล', 'admin'),
(15, '2021-02-28 09:38:23', 'ข้อมูลลูกค้า', 'เพิ่มข้อมูลลูกค้า(ห้อง 206)', 'นวพล', 'admin'),
(16, '2021-02-28 09:41:41', 'ข้อมูลลูกค้า', 'แก้ไขข้อมูลลูกค้า(ห้อง 206)', 'นวพล', 'admin'),
(17, '2021-02-28 09:44:22', 'ข้อมูลลูกค้า', 'เพิ่มข้อมูลลูกค้า(ห้อง 203)', 'นวพล', 'admin'),
(18, '2021-02-28 09:45:44', 'ชำระเงิน(รายเดือน)', 'เพิ่มรายการชำระเงินค่าเช่าห้องพัก (ห้อง 201)(2021-02)', 'นวพล', 'admin'),
(19, '2021-02-28 09:46:07', 'ชำระเงิน(รายเดือน)', 'เพิ่มรายการชำระเงินค่าเช่าห้องพัก (ห้อง 202)(2021-02)', 'นวพล', 'admin'),
(20, '2021-02-28 09:46:20', 'ชำระเงิน(รายเดือน)', 'เพิ่มรายการชำระเงินค่าเช่าห้องพัก (ห้อง 203)(2021-02)', 'นวพล', 'admin'),
(21, '2021-02-28 09:46:35', 'ชำระเงิน(รายเดือน)', 'เพิ่มรายการชำระเงินค่าเช่าห้องพัก (ห้อง 206)(2021-02)', 'นวพล', 'admin'),
(22, '2021-02-28 09:46:53', 'ชำระเงิน(รายเดือน)', 'ยืนยันการชำระเงินค่าเช่าห้องพัก (ห้อง 201)(2021-02)', 'นวพล', 'admin'),
(23, '2021-02-28 09:46:56', 'ชำระเงิน(รายเดือน)', 'ยืนยันการชำระเงินค่าเช่าห้องพัก (ห้อง 202)(2021-02)', 'นวพล', 'admin'),
(24, '2021-02-28 09:47:00', 'ชำระเงิน(รายเดือน)', 'ยืนยันการชำระเงินค่าเช่าห้องพัก (ห้อง 203)(2021-02)', 'นวพล', 'admin'),
(25, '2021-02-28 09:47:04', 'ชำระเงิน(รายเดือน)', 'ยืนยันการชำระเงินค่าเช่าห้องพัก (ห้อง 206)(2021-02)', 'นวพล', 'admin'),
(26, '2021-02-28 09:54:32', 'ข้อมูลลูกค้า', 'เพิ่มข้อมูลลูกค้า(ห้อง 204)', 'นวพล', 'admin'),
(27, '2021-02-28 09:57:26', 'ชำระเงิน(รายเดือน)', 'เพิ่มรายการชำระเงินค่าเช่าห้องพัก (ห้อง 201)(2021-02)', 'นวพล', 'admin'),
(28, '2021-02-28 09:57:34', 'ชำระเงิน(รายเดือน)', 'ลบรายการชำระเงินค่าเช่าห้องพัก (ห้อง 201)(2021-02)', 'นวพล', 'admin'),
(29, '2021-02-28 10:00:08', 'ชำระเงิน(รายเดือน)', 'เพิ่มรายการชำระเงินค่าเช่าห้องพัก (ห้อง 201)(2021-02)', 'นวพล', 'admin'),
(30, '2021-02-28 10:00:24', 'ชำระเงิน(รายเดือน)', 'เพิ่มรายการชำระเงินค่าเช่าห้องพัก (ห้อง 202)(2021-02)', 'นวพล', 'admin'),
(31, '2021-02-28 10:01:01', 'ชำระเงิน(รายเดือน)', 'เพิ่มรายการชำระเงินค่าเช่าห้องพัก (ห้อง 203)(2021-02)', 'นวพล', 'admin'),
(32, '2021-02-28 10:01:21', 'ชำระเงิน(รายเดือน)', 'เพิ่มรายการชำระเงินค่าเช่าห้องพัก (ห้อง 204)(2021-02)', 'นวพล', 'admin'),
(33, '2021-02-28 10:01:54', 'ชำระเงิน(รายเดือน)', 'เพิ่มรายการชำระเงินค่าเช่าห้องพัก (ห้อง 206)(2021-02)', 'นวพล', 'admin'),
(34, '2021-02-28 10:04:03', 'ชำระเงิน(รายเดือน)', 'ยืนยันการชำระเงินค่าเช่าห้องพัก (ห้อง 201)(2020-06)', 'นวพล', 'admin'),
(35, '2021-02-28 10:04:07', 'ชำระเงิน(รายเดือน)', 'ยืนยันการชำระเงินค่าเช่าห้องพัก (ห้อง 202)(2020-06)', 'นวพล', 'admin'),
(36, '2021-02-28 10:04:10', 'ชำระเงิน(รายเดือน)', 'ยืนยันการชำระเงินค่าเช่าห้องพัก (ห้อง 203)(2020-06)', 'นวพล', 'admin'),
(37, '2021-02-28 10:04:13', 'ชำระเงิน(รายเดือน)', 'ยืนยันการชำระเงินค่าเช่าห้องพัก (ห้อง 204)(2020-06)', 'นวพล', 'admin'),
(38, '2021-02-28 10:04:16', 'ชำระเงิน(รายเดือน)', 'ยืนยันการชำระเงินค่าเช่าห้องพัก (ห้อง 206)(2020-06)', 'นวพล', 'admin'),
(39, '2021-02-28 12:22:23', 'ชำระเงิน(รายเดือน)', 'เพิ่มรายการชำระเงินค่าเช่าห้องพัก (ห้อง 201)(2021-02)', 'นวพล', 'admin'),
(40, '2021-02-28 12:22:44', 'ชำระเงิน(รายเดือน)', 'เพิ่มรายการชำระเงินค่าเช่าห้องพัก (ห้อง 202)(2021-02)', 'นวพล', 'admin'),
(41, '2021-02-28 12:23:00', 'ชำระเงิน(รายเดือน)', 'เพิ่มรายการชำระเงินค่าเช่าห้องพัก (ห้อง 203)(2021-02)', 'นวพล', 'admin'),
(42, '2021-02-28 12:23:29', 'ชำระเงิน(รายเดือน)', 'เพิ่มรายการชำระเงินค่าเช่าห้องพัก (ห้อง 204)(2021-02)', 'นวพล', 'admin'),
(43, '2021-02-28 12:23:48', 'ชำระเงิน(รายเดือน)', 'เพิ่มรายการชำระเงินค่าเช่าห้องพัก (ห้อง 206)(2021-02)', 'นวพล', 'admin'),
(44, '2021-02-28 12:24:40', 'ชำระเงิน(รายเดือน)', 'ยืนยันการชำระเงินค่าเช่าห้องพัก (ห้อง 201)(2020-07)', 'นวพล', 'admin'),
(45, '2021-02-28 12:24:44', 'ชำระเงิน(รายเดือน)', 'ยืนยันการชำระเงินค่าเช่าห้องพัก (ห้อง 202)(2020-07)', 'นวพล', 'admin'),
(46, '2021-02-28 12:24:48', 'ชำระเงิน(รายเดือน)', 'ยืนยันการชำระเงินค่าเช่าห้องพัก (ห้อง 203)(2020-07)', 'นวพล', 'admin'),
(47, '2021-02-28 12:24:51', 'ชำระเงิน(รายเดือน)', 'ยืนยันการชำระเงินค่าเช่าห้องพัก (ห้อง 204)(2020-07)', 'นวพล', 'admin'),
(48, '2021-02-28 12:24:54', 'ชำระเงิน(รายเดือน)', 'ยืนยันการชำระเงินค่าเช่าห้องพัก (ห้อง 206)(2020-07)', 'นวพล', 'admin'),
(49, '2021-02-28 12:30:43', 'ข้อมูลลูกค้า', 'เพิ่มข้อมูลลูกค้า(ห้อง 208)', 'นวพล', 'admin'),
(50, '2021-02-28 12:40:55', 'ชำระเงิน(รายเดือน)', 'เพิ่มรายการชำระเงินค่าเช่าห้องพัก (ห้อง 201)(2021-02)', 'นวพล', 'admin'),
(51, '2021-02-28 12:41:21', 'ชำระเงิน(รายเดือน)', 'เพิ่มรายการชำระเงินค่าเช่าห้องพัก (ห้อง 202)(2021-02)', 'นวพล', 'admin'),
(52, '2021-02-28 12:41:41', 'ชำระเงิน(รายเดือน)', 'เพิ่มรายการชำระเงินค่าเช่าห้องพัก (ห้อง 203)(2021-02)', 'นวพล', 'admin'),
(53, '2021-02-28 12:41:56', 'ชำระเงิน(รายเดือน)', 'เพิ่มรายการชำระเงินค่าเช่าห้องพัก (ห้อง 204)(2021-02)', 'นวพล', 'admin'),
(54, '2021-02-28 12:42:13', 'ชำระเงิน(รายเดือน)', 'เพิ่มรายการชำระเงินค่าเช่าห้องพัก (ห้อง 206)(2021-02)', 'นวพล', 'admin'),
(55, '2021-02-28 12:42:29', 'ชำระเงิน(รายเดือน)', 'เพิ่มรายการชำระเงินค่าเช่าห้องพัก (ห้อง 208)(2021-02)', 'นวพล', 'admin'),
(56, '2021-02-28 12:43:01', 'ชำระเงิน(รายเดือน)', 'ยืนยันการชำระเงินค่าเช่าห้องพัก (ห้อง 201)(2021-02)', 'นวพล', 'admin'),
(57, '2021-02-28 12:43:05', 'ชำระเงิน(รายเดือน)', 'ยืนยันการชำระเงินค่าเช่าห้องพัก (ห้อง 202)(2021-02)', 'นวพล', 'admin'),
(58, '2021-02-28 12:43:08', 'ชำระเงิน(รายเดือน)', 'ยืนยันการชำระเงินค่าเช่าห้องพัก (ห้อง 203)(2021-02)', 'นวพล', 'admin'),
(59, '2021-02-28 12:43:10', 'ชำระเงิน(รายเดือน)', 'ยืนยันการชำระเงินค่าเช่าห้องพัก (ห้อง 204)(2021-02)', 'นวพล', 'admin'),
(60, '2021-02-28 12:43:14', 'ชำระเงิน(รายเดือน)', 'ยืนยันการชำระเงินค่าเช่าห้องพัก (ห้อง 206)(2021-02)', 'นวพล', 'admin'),
(61, '2021-02-28 12:43:17', 'ชำระเงิน(รายเดือน)', 'ยืนยันการชำระเงินค่าเช่าห้องพัก (ห้อง 208)(2021-02)', 'นวพล', 'admin'),
(62, '2021-02-28 12:55:45', 'ชำระเงิน(รายเดือน)', 'เพิ่มรายการชำระเงินค่าเช่าห้องพัก (ห้อง 201)(2021-02)', 'นวพล', 'admin'),
(63, '2021-02-28 12:56:15', 'ชำระเงิน(รายเดือน)', 'เพิ่มรายการชำระเงินค่าเช่าห้องพัก (ห้อง 202)(2021-02)', 'นวพล', 'admin'),
(64, '2021-02-28 12:56:37', 'ชำระเงิน(รายเดือน)', 'เพิ่มรายการชำระเงินค่าเช่าห้องพัก (ห้อง 203)(2021-02)', 'นวพล', 'admin'),
(65, '2021-02-28 12:56:59', 'ชำระเงิน(รายเดือน)', 'เพิ่มรายการชำระเงินค่าเช่าห้องพัก (ห้อง 204)(2021-02)', 'นวพล', 'admin'),
(66, '2021-02-28 12:57:14', 'ชำระเงิน(รายเดือน)', 'เพิ่มรายการชำระเงินค่าเช่าห้องพัก (ห้อง 206)(2021-02)', 'นวพล', 'admin'),
(67, '2021-02-28 12:57:32', 'ชำระเงิน(รายเดือน)', 'เพิ่มรายการชำระเงินค่าเช่าห้องพัก (ห้อง 208)(2021-02)', 'นวพล', 'admin'),
(68, '2021-02-28 13:00:43', 'ชำระเงิน(รายเดือน)', 'ยืนยันการชำระเงินค่าเช่าห้องพัก (ห้อง 201)(2020-09)', 'นวพล', 'admin'),
(69, '2021-02-28 13:00:46', 'ชำระเงิน(รายเดือน)', 'ยืนยันการชำระเงินค่าเช่าห้องพัก (ห้อง 202)(2020-09)', 'นวพล', 'admin'),
(70, '2021-02-28 13:00:49', 'ชำระเงิน(รายเดือน)', 'ยืนยันการชำระเงินค่าเช่าห้องพัก (ห้อง 203)(2020-09)', 'นวพล', 'admin'),
(71, '2021-02-28 13:00:52', 'ชำระเงิน(รายเดือน)', 'ยืนยันการชำระเงินค่าเช่าห้องพัก (ห้อง 204)(2020-09)', 'นวพล', 'admin'),
(72, '2021-02-28 13:00:56', 'ชำระเงิน(รายเดือน)', 'ยืนยันการชำระเงินค่าเช่าห้องพัก (ห้อง 206)(2020-09)', 'นวพล', 'admin'),
(73, '2021-02-28 13:01:03', 'ชำระเงิน(รายเดือน)', 'ยืนยันการชำระเงินค่าเช่าห้องพัก (ห้อง 208)(2020-09)', 'นวพล', 'admin'),
(74, '2021-02-28 13:05:37', 'ข้อมูลลูกค้า', 'เปลี่ยนสถานะเป็น แจ้งออกแล้ว (ห้อง 208)', 'นวพล', 'admin'),
(75, '2021-02-28 13:05:37', 'ชำระเงิน(รายเดือน)', 'เพิ่มรายการชำระเงินค่าเช่าห้องพัก (ห้อง 208)(2021-02)', 'นวพล', 'admin'),
(76, '2021-02-28 13:07:08', 'ชำระเงิน(รายเดือน)', 'เพิ่มรายการชำระเงินค่าเช่าห้องพัก (ห้อง 201)(2021-02)', 'นวพล', 'admin'),
(77, '2021-02-28 13:07:20', 'ชำระเงิน(รายเดือน)', 'เพิ่มรายการชำระเงินค่าเช่าห้องพัก (ห้อง 202)(2021-02)', 'นวพล', 'admin'),
(78, '2021-02-28 13:07:41', 'ชำระเงิน(รายเดือน)', 'เพิ่มรายการชำระเงินค่าเช่าห้องพัก (ห้อง 203)(2021-02)', 'นวพล', 'admin'),
(79, '2021-02-28 13:07:58', 'ชำระเงิน(รายเดือน)', 'เพิ่มรายการชำระเงินค่าเช่าห้องพัก (ห้อง 204)(2021-02)', 'นวพล', 'admin'),
(80, '2021-02-28 13:08:19', 'ชำระเงิน(รายเดือน)', 'เพิ่มรายการชำระเงินค่าเช่าห้องพัก (ห้อง 206)(2021-02)', 'นวพล', 'admin'),
(81, '2021-02-28 13:08:33', 'ชำระเงิน(รายเดือน)', 'ยืนยันการชำระเงินค่าเช่าห้องพัก (ห้อง 201)(2021-02)', 'นวพล', 'admin'),
(82, '2021-02-28 13:08:36', 'ชำระเงิน(รายเดือน)', 'ยืนยันการชำระเงินค่าเช่าห้องพัก (ห้อง 202)(2021-02)', 'นวพล', 'admin'),
(83, '2021-02-28 13:08:39', 'ชำระเงิน(รายเดือน)', 'ยืนยันการชำระเงินค่าเช่าห้องพัก (ห้อง 203)(2021-02)', 'นวพล', 'admin'),
(84, '2021-02-28 13:08:43', 'ชำระเงิน(รายเดือน)', 'ยืนยันการชำระเงินค่าเช่าห้องพัก (ห้อง 204)(2021-02)', 'นวพล', 'admin'),
(85, '2021-02-28 13:08:45', 'ชำระเงิน(รายเดือน)', 'ยืนยันการชำระเงินค่าเช่าห้องพัก (ห้อง 206)(2021-02)', 'นวพล', 'admin'),
(86, '2021-02-28 13:17:17', 'ชำระเงิน(รายเดือน)', 'เพิ่มรายการชำระเงินค่าเช่าห้องพัก (ห้อง 201)(2021-02)', 'นวพล', 'admin'),
(87, '2021-02-28 13:17:31', 'ชำระเงิน(รายเดือน)', 'เพิ่มรายการชำระเงินค่าเช่าห้องพัก (ห้อง 202)(2021-02)', 'นวพล', 'admin'),
(88, '2021-02-28 13:17:43', 'ชำระเงิน(รายเดือน)', 'เพิ่มรายการชำระเงินค่าเช่าห้องพัก (ห้อง 203)(2021-02)', 'นวพล', 'admin'),
(89, '2021-02-28 13:17:59', 'ชำระเงิน(รายเดือน)', 'เพิ่มรายการชำระเงินค่าเช่าห้องพัก (ห้อง 204)(2021-02)', 'นวพล', 'admin'),
(90, '2021-02-28 13:18:13', 'ชำระเงิน(รายเดือน)', 'เพิ่มรายการชำระเงินค่าเช่าห้องพัก (ห้อง 206)(2021-02)', 'นวพล', 'admin'),
(91, '2021-02-28 13:20:47', 'ชำระเงิน(รายเดือน)', 'ยืนยันการชำระเงินค่าเช่าห้องพัก (ห้อง 201)(2020-11)', 'นวพล', 'admin'),
(92, '2021-02-28 13:20:51', 'ชำระเงิน(รายเดือน)', 'ยืนยันการชำระเงินค่าเช่าห้องพัก (ห้อง 202)(2020-11)', 'นวพล', 'admin'),
(93, '2021-02-28 13:20:54', 'ชำระเงิน(รายเดือน)', 'ยืนยันการชำระเงินค่าเช่าห้องพัก (ห้อง 203)(2020-11)', 'นวพล', 'admin'),
(94, '2021-02-28 13:20:57', 'ชำระเงิน(รายเดือน)', 'ยืนยันการชำระเงินค่าเช่าห้องพัก (ห้อง 204)(2020-11)', 'นวพล', 'admin'),
(95, '2021-02-28 13:21:00', 'ชำระเงิน(รายเดือน)', 'ยืนยันการชำระเงินค่าเช่าห้องพัก (ห้อง 206)(2020-11)', 'นวพล', 'admin'),
(96, '2021-02-28 13:23:29', 'ชำระเงิน(รายเดือน)', 'เพิ่มรายการชำระเงินค่าเช่าห้องพัก (ห้อง 201)(2021-02)', 'นวพล', 'admin'),
(97, '2021-02-28 13:23:40', 'ชำระเงิน(รายเดือน)', 'เพิ่มรายการชำระเงินค่าเช่าห้องพัก (ห้อง 202)(2021-02)', 'นวพล', 'admin'),
(98, '2021-02-28 13:23:54', 'ชำระเงิน(รายเดือน)', 'เพิ่มรายการชำระเงินค่าเช่าห้องพัก (ห้อง 203)(2021-02)', 'นวพล', 'admin'),
(99, '2021-02-28 13:24:08', 'ชำระเงิน(รายเดือน)', 'เพิ่มรายการชำระเงินค่าเช่าห้องพัก (ห้อง 204)(2021-02)', 'นวพล', 'admin'),
(100, '2021-02-28 13:24:26', 'ชำระเงิน(รายเดือน)', 'เพิ่มรายการชำระเงินค่าเช่าห้องพัก (ห้อง 206)(2021-02)', 'นวพล', 'admin'),
(101, '2021-02-28 13:26:13', 'ชำระเงิน(รายเดือน)', 'ยืนยันการชำระเงินค่าเช่าห้องพัก (ห้อง 201)(2020-12)', 'นวพล', 'admin'),
(102, '2021-02-28 13:26:17', 'ชำระเงิน(รายเดือน)', 'ยืนยันการชำระเงินค่าเช่าห้องพัก (ห้อง 202)(2020-12)', 'นวพล', 'admin'),
(103, '2021-02-28 13:26:19', 'ชำระเงิน(รายเดือน)', 'ยืนยันการชำระเงินค่าเช่าห้องพัก (ห้อง 203)(2020-12)', 'นวพล', 'admin'),
(104, '2021-02-28 13:26:23', 'ชำระเงิน(รายเดือน)', 'ยืนยันการชำระเงินค่าเช่าห้องพัก (ห้อง 204)(2020-12)', 'นวพล', 'admin'),
(105, '2021-02-28 13:26:28', 'ชำระเงิน(รายเดือน)', 'ยืนยันการชำระเงินค่าเช่าห้องพัก (ห้อง 206)(2020-12)', 'นวพล', 'admin'),
(106, '2021-02-28 13:31:00', 'ข้อมูลลูกค้า', 'เพิ่มข้อมูลลูกค้า(ห้อง 207)', 'นวพล', 'admin'),
(107, '2021-02-28 13:32:52', 'ชำระเงิน(รายเดือน)', 'เพิ่มรายการชำระเงินค่าเช่าห้องพัก (ห้อง 201)(2021-02)', 'นวพล', 'admin'),
(108, '2021-02-28 13:33:04', 'ชำระเงิน(รายเดือน)', 'เพิ่มรายการชำระเงินค่าเช่าห้องพัก (ห้อง 202)(2021-02)', 'นวพล', 'admin'),
(109, '2021-02-28 13:33:32', 'ชำระเงิน(รายเดือน)', 'เพิ่มรายการชำระเงินค่าเช่าห้องพัก (ห้อง 203)(2021-02)', 'นวพล', 'admin'),
(110, '2021-02-28 13:33:49', 'ชำระเงิน(รายเดือน)', 'เพิ่มรายการชำระเงินค่าเช่าห้องพัก (ห้อง 204)(2021-02)', 'นวพล', 'admin'),
(111, '2021-02-28 13:36:56', 'ข้อมูลลูกค้า', 'เพิ่มข้อมูลลูกค้า(ห้อง 207)(คนที่ 2)', 'นวพล', 'admin'),
(112, '2021-02-28 13:37:21', 'ชำระเงิน(รายเดือน)', 'เพิ่มรายการชำระเงินค่าเช่าห้องพัก (ห้อง 206)(2021-02)', 'นวพล', 'admin'),
(113, '2021-02-28 13:37:41', 'ชำระเงิน(รายเดือน)', 'เพิ่มรายการชำระเงินค่าเช่าห้องพัก (ห้อง 207)(2021-02)', 'นวพล', 'admin'),
(114, '2021-02-28 13:38:50', 'ชำระเงิน(รายเดือน)', 'ยืนยันการชำระเงินค่าเช่าห้องพัก (ห้อง 201)(2021-01)', 'นวพล', 'admin'),
(115, '2021-02-28 13:38:53', 'ชำระเงิน(รายเดือน)', 'ยืนยันการชำระเงินค่าเช่าห้องพัก (ห้อง 202)(2021-01)', 'นวพล', 'admin'),
(116, '2021-02-28 13:38:56', 'ชำระเงิน(รายเดือน)', 'ยืนยันการชำระเงินค่าเช่าห้องพัก (ห้อง 203)(2021-01)', 'นวพล', 'admin'),
(117, '2021-02-28 13:39:00', 'ชำระเงิน(รายเดือน)', 'ยืนยันการชำระเงินค่าเช่าห้องพัก (ห้อง 204)(2021-01)', 'นวพล', 'admin'),
(118, '2021-02-28 13:39:03', 'ชำระเงิน(รายเดือน)', 'ยืนยันการชำระเงินค่าเช่าห้องพัก (ห้อง 206)(2021-01)', 'นวพล', 'admin'),
(119, '2021-02-28 13:39:07', 'ชำระเงิน(รายเดือน)', 'ยืนยันการชำระเงินค่าเช่าห้องพัก (ห้อง 207)(2021-01)', 'นวพล', 'admin'),
(120, '2021-02-28 13:40:21', 'ชำระเงิน(รายเดือน)', 'เพิ่มรายการชำระเงินค่าเช่าห้องพัก (ห้อง 201)(2021-02)', 'นวพล', 'admin'),
(121, '2021-02-28 13:40:34', 'ชำระเงิน(รายเดือน)', 'เพิ่มรายการชำระเงินค่าเช่าห้องพัก (ห้อง 202)(2021-02)', 'นวพล', 'admin'),
(122, '2021-02-28 13:40:44', 'ชำระเงิน(รายเดือน)', 'เพิ่มรายการชำระเงินค่าเช่าห้องพัก (ห้อง 203)(2021-02)', 'นวพล', 'admin'),
(123, '2021-02-28 13:40:59', 'ชำระเงิน(รายเดือน)', 'เพิ่มรายการชำระเงินค่าเช่าห้องพัก (ห้อง 204)(2021-02)', 'นวพล', 'admin'),
(124, '2021-02-28 13:41:15', 'ชำระเงิน(รายเดือน)', 'เพิ่มรายการชำระเงินค่าเช่าห้องพัก (ห้อง 206)(2021-02)', 'นวพล', 'admin'),
(125, '2021-02-28 13:41:25', 'ชำระเงิน(รายเดือน)', 'เพิ่มรายการชำระเงินค่าเช่าห้องพัก (ห้อง 207)(2021-02)', 'นวพล', 'admin'),
(126, '2021-02-28 17:07:05', 'แจ้งซ่อม', 'เพิ่มรายการแจ้งซ่อม (ห้อง 202)', 'นวพล', 'admin'),
(127, '2021-02-28 17:08:05', 'แจ้งซ่อม', 'เพิ่มรายการแจ้งซ่อม (ห้อง 204)', 'นวพล', 'admin'),
(128, '2021-02-28 17:08:38', 'แจ้งซ่อม', 'เพิ่มรายการแจ้งซ่อม (ห้อง 203)', 'นวพล', 'admin'),
(129, '2021-02-28 17:09:23', 'แจ้งซ่อม', 'เพิ่มรายการแจ้งซ่อม (ห้อง 206)', 'นวพล', 'admin'),
(130, '2021-02-28 17:10:11', 'แจ้งซ่อม', 'เพิ่มรายการแจ้งซ่อม (ห้อง 207)', 'นวพล', 'admin'),
(131, '2021-02-28 17:12:20', 'แจ้งซ่อม', 'เพิ่มรายการแจ้งซ่อม (ห้อง 203)', 'นวพล', 'admin'),
(132, '2021-02-28 17:14:00', 'แจ้งซ่อม', 'เปลี่ยนสถานะการแจ้งซ่อมเป็น ซ่อมเสร็จแล้ว (ห้อง 202)', 'นวพล', 'admin'),
(133, '2021-02-28 17:14:18', 'แจ้งซ่อม', 'เปลี่ยนสถานะการแจ้งซ่อมเป็น กำลังซ่อม (ห้อง 204)', 'นวพล', 'admin'),
(134, '2021-02-28 17:14:31', 'แจ้งซ่อม', 'เปลี่ยนสถานะการแจ้งซ่อมเป็น รอคิวซ่อม (ห้อง 204)', 'นวพล', 'admin'),
(135, '2021-02-28 17:15:05', 'แจ้งซ่อม', 'เปลี่ยนสถานะการแจ้งซ่อมเป็น ซ่อมเสร็จแล้ว (ห้อง 204)', 'นวพล', 'admin'),
(136, '2021-02-28 17:17:17', 'แจ้งซ่อม', 'เปลี่ยนสถานะการแจ้งซ่อมเป็น ซ่อมเสร็จแล้ว (ห้อง 203)', 'นวพล', 'admin'),
(137, '2021-02-28 17:18:01', 'แจ้งซ่อม', 'เปลี่ยนสถานะการแจ้งซ่อมเป็น ซ่อมเสร็จแล้ว (ห้อง 206)', 'นวพล', 'admin'),
(138, '2021-02-28 17:18:12', 'แจ้งซ่อม', 'เปลี่ยนสถานะการแจ้งซ่อมเป็น กำลังซ่อม (ห้อง 207)', 'นวพล', 'admin'),
(139, '2021-02-28 17:23:15', 'พัสดุ', 'เพิ่มรายการพัสดุ', 'นวพล', 'admin'),
(140, '2021-02-28 17:24:31', 'พัสดุ', 'เพิ่มรายการพัสดุ', 'นวพล', 'admin'),
(141, '2021-02-28 17:25:20', 'พัสดุ', 'เพิ่มรายการพัสดุ', 'นวพล', 'admin'),
(142, '2021-02-28 17:27:23', 'พัสดุ', 'เพิ่มรายการพัสดุ', 'นวพล', 'admin'),
(143, '2021-02-28 17:28:29', 'พัสดุ', 'เพิ่มรายการพัสดุ', 'นวพล', 'admin'),
(144, '2021-02-28 17:30:22', 'พัสดุ', 'เพิ่มรายการพัสดุ', 'นวพล', 'admin'),
(145, '2021-02-28 17:31:25', 'พัสดุ', 'เพิ่มรายการพัสดุ', 'นวพล', 'admin'),
(146, '2021-02-28 17:32:24', 'พัสดุ', 'เพิ่มรายการพัสดุ', 'นวพล', 'admin'),
(147, '2021-02-28 17:33:25', 'พัสดุ', 'เพิ่มรายการพัสดุ', 'นวพล', 'admin'),
(148, '2021-02-28 17:34:21', 'พัสดุ', 'เพิ่มรายการพัสดุ', 'นวพล', 'admin'),
(149, '2021-02-28 17:35:49', 'พัสดุ', 'เพิ่มรายการพัสดุ', 'นวพล', 'admin'),
(150, '2021-02-28 17:37:38', 'พัสดุ', 'เพิ่มรายการพัสดุ', 'นวพล', 'admin'),
(151, '2021-02-28 17:38:21', 'พัสดุ', 'เพิ่มรายการพัสดุ', 'นวพล', 'admin'),
(152, '2021-02-28 17:38:46', 'พัสดุ', 'เปลี่ยนสถานะพัสดุเป็น รับพัสดุแล้ว รับโดย ณัฐยศ', 'นวพล', 'admin'),
(153, '2021-02-28 17:39:02', 'พัสดุ', 'เปลี่ยนสถานะพัสดุเป็น รับพัสดุแล้ว รับโดย ณัฐยศ', 'นวพล', 'admin'),
(154, '2021-02-28 17:39:12', 'พัสดุ', 'เปลี่ยนสถานะพัสดุเป็น รับพัสดุแล้ว รับโดย วันดี', 'นวพล', 'admin'),
(155, '2021-02-28 17:39:19', 'พัสดุ', 'เปลี่ยนสถานะพัสดุเป็น รับพัสดุแล้ว รับโดย มนุษย์', 'นวพล', 'admin'),
(156, '2021-02-28 17:39:25', 'พัสดุ', 'เปลี่ยนสถานะพัสดุเป็น รับพัสดุแล้ว รับโดย มานี', 'นวพล', 'admin'),
(157, '2021-02-28 17:39:30', 'พัสดุ', 'เปลี่ยนสถานะพัสดุเป็น รับพัสดุแล้ว รับโดย สมคิด', 'นวพล', 'admin'),
(158, '2021-02-28 17:39:39', 'พัสดุ', 'เปลี่ยนสถานะพัสดุเป็น รับพัสดุแล้ว รับโดย คอตต้อน', 'นวพล', 'admin'),
(159, '2021-02-28 17:39:45', 'พัสดุ', 'เปลี่ยนสถานะพัสดุเป็น รับพัสดุแล้ว รับโดย มนุษย์', 'นวพล', 'admin'),
(160, '2021-02-28 17:39:57', 'พัสดุ', 'เปลี่ยนสถานะพัสดุเป็น รับพัสดุแล้ว รับโดย มานี', 'นวพล', 'admin'),
(161, '2021-02-28 17:40:06', 'พัสดุ', 'เปลี่ยนสถานะพัสดุเป็น รับพัสดุแล้ว รับโดย คอตต้อน', 'นวพล', 'admin'),
(162, '2021-02-28 17:50:43', 'ข้อมูลลูกค้า', 'เปลี่ยนสถานะเป็น รอการเข้าพัก (นายพุฒิชัย แก่นจันทร์)', 'นวพล', 'admin'),
(163, '2021-02-28 17:54:12', 'ข้อมูลลูกค้า', 'เปลี่ยนสถานะเป็น รอการเข้าพัก (นางสาววิไลลักษณ์ พนมวาสน์)', 'นวพล', 'admin'),
(164, '2021-02-28 18:51:54', 'พนักงาน', 'แก้ไขข้อมูลพนักงาน (นายสุภิศรา เตชนันท์)', 'นวพล', 'admin'),
(165, '2021-02-28 18:52:44', 'ข้อมูลลูกค้า', 'แก้ไขข้อมูลลูกค้า(ห้อง 207)', 'นวพล', 'admin'),
(166, '2021-03-01 17:27:13', 'ชำระเงิน(รายเดือน)', 'เพิ่มรายการชำระเงินค่าเช่าห้องพัก (ห้อง 207)(2021-03)', 'admin', 'admin'),
(167, '2021-03-01 17:27:24', 'ชำระเงิน(รายเดือน)', 'ลบรายการชำระเงินค่าเช่าห้องพัก (ห้อง 207)(2021-03)', 'admin', 'admin'),
(168, '2021-03-01 17:30:04', 'ชำระเงิน(รายเดือน)', 'แก้ไขข้อมูลการชำระเงินค่าเช่าห้องพัก (ห้อง 207)(2021-02)', 'admin', 'admin'),
(169, '2021-03-01 18:08:04', 'ข้อมูลลูกค้า', 'แก้ไขข้อมูลลูกค้า(ห้อง 201)', 'admin', 'admin'),
(170, '2021-03-02 03:54:20', 'ข้อมูลลูกค้า', 'เปลี่ยนสถานะเป็น รอการเข้าพัก (นายบราวนี คอตต้อน)', 'นวพล', 'admin'),
(171, '2021-03-02 03:58:36', 'ข้อมูลลูกค้า', 'เปลี่ยนสถานะเป็น เข้าพักแล้ว (นายบราวนี คอตต้อน)', 'นวพล', 'admin'),
(172, '2021-03-02 04:19:48', 'ข้อมูลลูกค้า', 'เปลี่ยนสถานะเป็น รอการเข้าพัก (นายนวพล นรเดชานันท์)', 'นวพล', 'admin'),
(173, '2021-03-03 09:01:21', 'ข้อมูลลูกค้า', 'เปลี่ยนสถานะเป็น เช็คเอาท์แล้ว (นายบราวนี คอตต้อน)', 'admin', 'admin'),
(174, '2021-03-03 11:37:00', 'ข้อมูลลูกค้า', 'ลบรายการเช่าห้องพัก (นางสาวสุภิศรา เตชนันท์)', 'admin', 'admin');

-- --------------------------------------------------------

--
-- Table structure for table `package`
--

CREATE TABLE `package` (
  `package_id` int(11) NOT NULL,
  `member_id` int(11) NOT NULL,
  `package_num` varchar(50) NOT NULL,
  `package_company` varchar(50) NOT NULL,
  `package_arrived` varchar(20) NOT NULL,
  `package_status` varchar(20) NOT NULL,
  `package_name` varchar(50) NOT NULL,
  `package_room` varchar(10) NOT NULL,
  `package_received` varchar(20) DEFAULT NULL,
  `package_receiveddate` varchar(20) DEFAULT NULL
) ENGINE=InnoDB DEFAULT CHARSET=utf8;

--
-- Dumping data for table `package`
--

INSERT INTO `package` (`package_id`, `member_id`, `package_num`, `package_company`, `package_arrived`, `package_status`, `package_name`, `package_room`, `package_received`, `package_receiveddate`) VALUES
(1, 1, 'TH120612GUAH4O', 'Flash Express', '2020-06-10', 'รับพัสดุแล้ว', 'ณัฐยศ', '201', 'ณัฐยศ', '2020-06-10'),
(2, 1, 'RI167253361TH', 'ไปรษณีย์ไทย', '2020-07-17', 'รับพัสดุแล้ว', 'ณัฐยศ', '201', 'ณัฐยศ', '2020-07-18'),
(3, 4, 'RI167253361TH', 'ไปรษณีย์ไทย', '2020-07-17', 'รับพัสดุแล้ว', 'วันดี', '203', 'วันดี', '2020-07-17'),
(4, 5, 'TH36011268SG7F', 'Flash Express', '2020-08-06', 'รับพัสดุแล้ว', 'มนุษย์', '204', 'มนุษย์', '2020-08-06'),
(5, 3, 'TH24101268Y13B', 'Ninja Van', '2020-10-02', 'รับพัสดุแล้ว', 'มานี', '206', 'มานี', '2020-10-04'),
(6, 2, 'TH261012DHFM0H', 'J&T Express', '2020-11-04', 'รับพัสดุแล้ว', 'สมคิด', '202', 'สมคิด', '2020-11-04'),
(7, 7, 'TH271412DHNZ3M', 'Kerry Express', '2021-01-15', 'รับพัสดุแล้ว', 'คอตต้อน', '207', 'คอตต้อน', '2021-01-17'),
(8, 5, 'TH272111RY2W7L', 'Flash Express', '2021-02-01', 'รับพัสดุแล้ว', 'มนุษย์', '204', 'มนุษย์', '2021-02-01'),
(9, 3, 'TH070111RY9N1M', 'Flash Express', '2021-02-03', 'รับพัสดุแล้ว', 'มานี', '206', 'มานี', '2021-02-03'),
(10, 7, 'TH110111RYPC1J', 'J&T Express', '2021-02-11', 'รับพัสดุแล้ว', 'คอตต้อน', '207', 'คอตต้อน', '2021-02-11'),
(11, 4, 'TH350311RYJ82F', 'J&T Express', '2021-02-24', 'ยังไม่ได้รับพัสดุ', 'วันดี', '203', NULL, NULL),
(12, 1, 'TH131011ZYAV1D', 'Flash Express', '2021-02-25', 'ยังไม่ได้รับพัสดุ', 'ณัฐยศ', '201', NULL, NULL),
(13, 2, 'TH380611ZY0W2L', 'Kerry Express', '2021-02-27', 'ยังไม่ได้รับพัสดุ', 'สมคิด', '202', NULL, NULL);

-- --------------------------------------------------------

--
-- Table structure for table `promptpay`
--

CREATE TABLE `promptpay` (
  `prompt_id` int(11) NOT NULL,
  `prompt_num` varchar(10) DEFAULT NULL,
  `prompt_img` varchar(50) DEFAULT NULL,
  `prompt_name` varchar(50) DEFAULT NULL
) ENGINE=InnoDB DEFAULT CHARSET=utf8;

--
-- Dumping data for table `promptpay`
--

INSERT INTO `promptpay` (`prompt_id`, `prompt_num`, `prompt_img`, `prompt_name`) VALUES
(2, '0956722914', 'qr-code.PNG', 'นวพล นรเดชานันท์');

-- --------------------------------------------------------

--
-- Table structure for table `repair`
--

CREATE TABLE `repair` (
  `repair_id` int(11) NOT NULL,
  `member_id` int(11) NOT NULL,
  `room_id` varchar(10) NOT NULL,
  `repair_appliance` varchar(50) NOT NULL,
  `repair_category` varchar(50) NOT NULL,
  `repair_detail` varchar(100) NOT NULL,
  `repair_date` varchar(20) NOT NULL,
  `repair_successdate` varchar(20) DEFAULT NULL,
  `repair_status` varchar(20) NOT NULL,
  `repair_income` float(11,2) DEFAULT NULL,
  `repair_expenses` float(11,2) DEFAULT NULL,
  `repair_profit` float(11,2) DEFAULT NULL
) ENGINE=InnoDB DEFAULT CHARSET=utf8;

--
-- Dumping data for table `repair`
--

INSERT INTO `repair` (`repair_id`, `member_id`, `room_id`, `repair_appliance`, `repair_category`, `repair_detail`, `repair_date`, `repair_successdate`, `repair_status`, `repair_income`, `repair_expenses`, `repair_profit`) VALUES
(1, 2, '202', 'เครื่องปรับอากาศ', 'เครื่องใช้ไฟฟ้า', 'แอร์ไม่เย็นครับ', '2020-11-15', '2020-11-18', 'ซ่อมเสร็จแล้ว', 0.00, 0.00, 0.00),
(2, 5, '204', 'ก๊อกน้ำ', 'สุขภัณฑ์', 'ก๊อกน้ำอุดตัน', '2020-12-10', '2020-12-16', 'ซ่อมเสร็จแล้ว', 300.00, 200.00, 100.00),
(3, 4, '203', 'หลอดไฟ', 'เครื่องใช้ไฟฟ้า', 'ไฟเปิดไม่ออก หลอดไฟน่าจะขาด', '2021-01-06', '2021-01-06', 'ซ่อมเสร็จแล้ว', 200.00, 150.00, 50.00),
(4, 3, '206', 'ประตู', 'เฟอร์นิเจอร์', 'ลูกบิดประตูค้าง และฝืด', '2021-02-02', '2021-02-05', 'ซ่อมเสร็จแล้ว', 200.00, 170.00, 30.00),
(5, 7, '207', 'เครื่องทำน้ำอุ่น', 'เครื่องใช้ไฟฟ้า', 'เครื่องทำน้ำอุ่นน้ำไม่อุ่น', '2021-02-27', NULL, 'กำลังซ่อม', NULL, NULL, NULL),
(6, 4, '203', 'ตู้เสื้อผ้า', 'เฟอร์นิเจอร์', 'ประตูตู้เสื้อผ้าหลุดออกมา', '2021-02-28', NULL, 'รอคิวซ่อม', NULL, NULL, NULL);

-- --------------------------------------------------------

--
-- Table structure for table `reset_password_temp`
--

CREATE TABLE `reset_password_temp` (
  `re_id` int(11) NOT NULL,
  `email` varchar(100) NOT NULL,
  `token` varchar(100) NOT NULL,
  `expDate` datetime NOT NULL
) ENGINE=InnoDB DEFAULT CHARSET=utf8;

--
-- Dumping data for table `reset_password_temp`
--

INSERT INTO `reset_password_temp` (`re_id`, `email`, `token`, `expDate`) VALUES
(1, 'blackfrostier@gmail.com', 'h4vu4o8pixehmxouxq8ey', '2021-02-19 17:35:27');

-- --------------------------------------------------------

--
-- Table structure for table `roomdetail`
--

CREATE TABLE `roomdetail` (
  `type` varchar(20) NOT NULL,
  `water_bill` float(11,2) NOT NULL,
  `elec_bill` float(11,2) NOT NULL,
  `cable_charge` float(11,2) NOT NULL,
  `fines` float(11,2) NOT NULL,
  `deposit` float(11,2) NOT NULL,
  `price` float(11,2) NOT NULL,
  `daily_price` float(11,2) NOT NULL,
  `daily_deposit` float(11,2) NOT NULL,
  `sv_fan` varchar(3) NOT NULL,
  `sv_air` varchar(3) NOT NULL,
  `sv_wifi` varchar(3) NOT NULL,
  `sv_furniture` varchar(3) NOT NULL,
  `sv_readtable` varchar(3) NOT NULL,
  `sv_telephone` varchar(3) NOT NULL,
  `sv_television` varchar(3) NOT NULL,
  `sv_refrigerator` varchar(3) NOT NULL,
  `sv_waterbottle` varchar(3) NOT NULL,
  `sv_toilet` varchar(3) NOT NULL,
  `sv_hairdryer` varchar(3) NOT NULL,
  `sv_towel` varchar(3) NOT NULL
) ENGINE=InnoDB DEFAULT CHARSET=utf8;

--
-- Dumping data for table `roomdetail`
--

INSERT INTO `roomdetail` (`type`, `water_bill`, `elec_bill`, `cable_charge`, `fines`, `deposit`, `price`, `daily_price`, `daily_deposit`, `sv_fan`, `sv_air`, `sv_wifi`, `sv_furniture`, `sv_readtable`, `sv_telephone`, `sv_television`, `sv_refrigerator`, `sv_waterbottle`, `sv_toilet`, `sv_hairdryer`, `sv_towel`) VALUES
('พัดลม', 80.00, 7.50, 105.00, 150.00, 2500.00, 2300.00, 250.00, 300.00, 'on', 'off', 'on', 'on', 'on', 'off', 'off', 'off', 'off', 'off', 'off', 'off'),
('แอร์', 80.00, 7.50, 105.00, 150.00, 3000.00, 2700.00, 350.00, 300.00, 'on', 'on', 'on', 'on', 'on', 'on', 'on', 'on', 'on', 'on', 'on', 'on');

-- --------------------------------------------------------

--
-- Table structure for table `roomlist`
--

CREATE TABLE `roomlist` (
  `room_id` varchar(10) NOT NULL,
  `room_type` varchar(20) NOT NULL,
  `room_cat` varchar(20) NOT NULL,
  `room_status` varchar(20) NOT NULL
) ENGINE=InnoDB DEFAULT CHARSET=utf8;

--
-- Dumping data for table `roomlist`
--

INSERT INTO `roomlist` (`room_id`, `room_type`, `room_cat`, `room_status`) VALUES
('201', 'แอร์', 'รายเดือน', 'ไม่ว่าง'),
('202', 'แอร์', 'รายเดือน', 'ไม่ว่าง'),
('203', 'แอร์', 'รายเดือน', 'ไม่ว่าง'),
('204', 'แอร์', 'รายเดือน', 'ไม่ว่าง'),
('205', 'แอร์', 'รายเดือน', 'ว่าง'),
('206', 'พัดลม', 'รายเดือน', 'ไม่ว่าง'),
('207', 'พัดลม', 'รายเดือน', 'ไม่ว่าง'),
('208', 'แอร์', 'รายเดือน', 'ว่าง'),
('301', 'แอร์', 'รายเดือน', 'ว่าง'),
('302', 'แอร์', 'รายเดือน', 'ว่าง'),
('303', 'แอร์', 'รายเดือน', 'ว่าง'),
('304', 'แอร์', 'รายเดือน', 'ว่าง'),
('305', 'แอร์', 'รายวัน', 'ว่าง'),
('306', 'พัดลม', 'รายวัน', 'ว่าง'),
('307', 'แอร์', 'รายวัน', 'ว่าง'),
('308', 'แอร์', 'รายวัน', 'ว่าง');

-- --------------------------------------------------------

--
-- Table structure for table `roommember`
--

CREATE TABLE `roommember` (
  `member_id` int(11) NOT NULL,
  `room_id` varchar(10) NOT NULL,
  `come_date` varchar(20) NOT NULL,
  `out_date` varchar(20) DEFAULT NULL,
  `member_cat` varchar(20) NOT NULL,
  `member_status` varchar(20) NOT NULL,
  `member_deposit` float(11,2) NOT NULL,
  `name_title` varchar(10) NOT NULL,
  `firstname` varchar(50) NOT NULL,
  `lastname` varchar(50) NOT NULL,
  `nickname` varchar(50) NOT NULL,
  `id_card` varchar(13) NOT NULL,
  `phone` varchar(10) NOT NULL,
  `email` varchar(100) NOT NULL,
  `birthday` varchar(20) DEFAULT NULL,
  `age` int(11) DEFAULT NULL,
  `race` varchar(50) DEFAULT NULL,
  `nationality` varchar(50) DEFAULT NULL,
  `job` varchar(50) DEFAULT NULL,
  `address` varchar(100) DEFAULT NULL,
  `pic_idcard` varchar(100) DEFAULT NULL,
  `pic_home` varchar(100) DEFAULT NULL,
  `name_title2` varchar(10) DEFAULT NULL,
  `firstname2` varchar(50) DEFAULT NULL,
  `lastname2` varchar(50) DEFAULT NULL,
  `nickname2` varchar(50) DEFAULT NULL,
  `id_card2` varchar(13) DEFAULT NULL,
  `phone2` varchar(10) DEFAULT NULL,
  `email2` varchar(100) DEFAULT NULL,
  `birthday2` varchar(20) DEFAULT NULL,
  `age2` int(11) DEFAULT NULL,
  `race2` varchar(50) DEFAULT NULL,
  `nationality2` varchar(50) DEFAULT NULL,
  `job2` varchar(50) DEFAULT NULL,
  `address2` varchar(100) DEFAULT NULL,
  `pic_idcard2` varchar(100) DEFAULT NULL,
  `pic_home2` varchar(100) DEFAULT NULL,
  `people` int(11) NOT NULL
) ENGINE=InnoDB DEFAULT CHARSET=utf8;

--
-- Dumping data for table `roommember`
--

INSERT INTO `roommember` (`member_id`, `room_id`, `come_date`, `out_date`, `member_cat`, `member_status`, `member_deposit`, `name_title`, `firstname`, `lastname`, `nickname`, `id_card`, `phone`, `email`, `birthday`, `age`, `race`, `nationality`, `job`, `address`, `pic_idcard`, `pic_home`, `name_title2`, `firstname2`, `lastname2`, `nickname2`, `id_card2`, `phone2`, `email2`, `birthday2`, `age2`, `race2`, `nationality2`, `job2`, `address2`, `pic_idcard2`, `pic_home2`, `people`) VALUES
(1, '201', '2020-05-01', NULL, 'รายเดือน', 'กำลังเข้าพัก', 3000.00, 'นาย', 'ณัฐยศ', 'ผิวศรี', 'กันต์', '3821505600577', '0845556666', 'kant.fab@gmail.com', '1990-04-14', 30, 'ไทย', 'ไทย', 'นักพัฒนาซอฟต์แวร์', 'เลขที่ 5 หมู่ที่ 5 ตำบลสันทรายหลวง อำเภอสันทราย จังหวัดเชียงใหม่ 50210', 'id_201.jpg', 'home_201.jpg', NULL, NULL, NULL, NULL, NULL, NULL, NULL, NULL, 30, NULL, NULL, NULL, NULL, NULL, NULL, 1),
(2, '202', '2020-05-01', NULL, 'รายเดือน', 'กำลังเข้าพัก', 3000.00, 'นาย', 'สมคิด', 'มาดี', 'สมคิด', '8110804761358', '0895554446', 'somkid.madee@gmail.com', '1989-02-07', 32, 'ไทย', 'ไทย', 'ราชการ', 'เลขที่ 112 หมู่ 1 ต.ไร่รถ อ.ดอนเจดีย์ จ.สุพรรณบุรี', 'id_202.jpg', 'home_202.jpg', NULL, NULL, NULL, NULL, NULL, NULL, NULL, NULL, 32, NULL, NULL, NULL, NULL, NULL, NULL, 1),
(3, '206', '2020-05-01', NULL, 'รายเดือน', 'กำลังเข้าพัก', 2500.00, 'นางสาว', 'มานี', 'มีใจ', 'นี', '7145068033037', '0952236589', 'manee14655@hotmail.com', '1993-04-14', 27, 'ไทย', 'ไทย', 'แคชเชียร์', 'กองบัญชาการกองทัพบก ถนนราชดำเนินนอก เขตพระนคร กรุงเทพฯ 10200', 'id_206.jpg', 'home_206.jpg', NULL, NULL, NULL, NULL, NULL, NULL, NULL, NULL, 27, NULL, NULL, NULL, NULL, NULL, NULL, 1),
(4, '203', '2020-05-01', NULL, 'รายเดือน', 'กำลังเข้าพัก', 3000.00, 'นาง', 'วันดี', 'การงาน', 'อ้อย', '4855375875352', '0623331112', 'wandee.wonderful@gmail.com', '1991-05-22', 29, 'ไทย', 'ไทย', 'พนักงานประจำ', 'เลขที่ 288 ถ.ทุ่งโฮเต็ล ต.วัดเกต อ.เมือง จ.เชียงใหม่ 50000', 'id_203.jpg', 'home_203.jpg', NULL, NULL, NULL, NULL, NULL, NULL, NULL, NULL, 29, NULL, NULL, NULL, NULL, NULL, NULL, 1),
(5, '204', '2020-06-01', NULL, 'รายเดือน', 'กำลังเข้าพัก', 3000.00, 'นาย', 'มนุษย์', 'ดาวอังคาร', 'บู่', '2508231054849', '0624447899', 'tuesday.humen@gmail.com', '1995-06-09', 25, 'ไทย', 'ไทย', 'พนักงานออฟฟิต', 'เลขที่ 363 หมู่ 3 ถนนเชียงใหม่-ฝาง อ.แม่ริม ต.ขี้เหล็ก จ.เชียงใหม่ 50180', 'id_204.jpg', 'home_204.jpg', NULL, NULL, NULL, NULL, NULL, NULL, NULL, NULL, 25, NULL, NULL, NULL, NULL, NULL, NULL, 1),
(6, '208', '2020-08-01', '2020-10-31', 'รายเดือน', 'แจ้งออกแล้ว', 3000.00, 'นางสาว', 'ลาวา', 'แมวป่า', 'ลาวา', '5726216551846', '0985556669', 'lavajungle@outlook.com', '1993-07-09', 27, 'ไทย', 'ไทย', 'สัตวแพทย์', '83/2 ถนน เชียงใหม่- ดอยสะเก็ด ตำบล ฟ้าฮ่าม อำเภอเมืองเชียงใหม่ เชียงใหม่ 50000', 'id_208.jpg', 'home_208.jpg', NULL, NULL, NULL, NULL, NULL, NULL, NULL, NULL, 27, NULL, NULL, NULL, NULL, NULL, NULL, 1),
(7, '207', '2021-01-01', NULL, 'รายเดือน', 'กำลังเข้าพัก', 2500.00, 'นาย', 'คอตต้อน', 'กระต่ายป่า', 'คอตต้อน', '5337127532557', '0986352290', 'cotton.rabbit@gmail.com', '1996-03-02', 25, 'ไทย', 'ไทย', 'ลูกจ้างชั่วคราว', 'เลขที่ 112 ถนน สมโภชเชียงใหม่ 700 ปี ตำบล สันทรายน้อย อำเภอสันทราย เชียงใหม่ 50210', 'id_207.jpg', 'home_207.jpg', 'นาย', 'บราวนี', 'กระต่ายป่า', 'บราวนี่', '3346478534369', '0625356625', 'brownies.rabbit@gmail.com', '1996-05-13', 25, 'ไทย', 'ไทย', 'ลูกจ้างชั่วคราว', 'เลขที่ 112 ถนน สมโภชเชียงใหม่ 700 ปี ตำบล สันทรายน้อย อำเภอสันทราย เชียงใหม่ 50210', 'id_207_2.jpg', 'home_207_2.jpg', 2),
(8, '305', '2021-03-02', '2021-03-03', 'รายวัน', 'แจ้งออกแล้ว', 0.00, 'นาย', 'บราวนี', 'คอตต้อน', '', '4416000878221', '0956722914', 'blackfrostier@gmail.com', NULL, 0, NULL, NULL, NULL, NULL, 'daily_idcard1.jpg', NULL, NULL, NULL, NULL, NULL, NULL, NULL, NULL, NULL, 0, NULL, NULL, NULL, NULL, NULL, NULL, 0);

-- --------------------------------------------------------

--
-- Table structure for table `rule`
--

CREATE TABLE `rule` (
  `rule_detail` varchar(2000) NOT NULL
) ENGINE=InnoDB DEFAULT CHARSET=utf8;

--
-- Dumping data for table `rule`
--

INSERT INTO `rule` (`rule_detail`) VALUES
('1. ผู้เช่าจะต้องอยู่ครบ 6 เดือน พร้อมด้วยการแจ้งล่วงหน้าอย่างน้อย 1 เดือน ทางผู้ให้เช่าจึงจะคืนเงินประกันให้\r\n2. ผู้เช่าจะต้องชำระเงินค่าห้อง ค่าน้ำ และค่าไฟ ก่อนวันที่ 5 ของทุกเดือนหากจ่ายช้ากว่ากำหนดทางผู้เช่าจะเก็บวันละ 150 บาท หากผู้เช่าค้างชำระเกิน 15 วัน ทางผู้ให้เช่ามีสิทธิ์ให้ผู้เช่าออกโดยไม่คืนเงินประกัน\r\n3. ห้ามนำของผิดกฏหมายเข้ามาในห้องพักโดยเด็ดขาด และทางผู้ให้เช่าจะไม่รับผิดชอบใด ๆ ทั้งสิ้น\r\n4. ห้ามเปิด ทีวี เครื่องเสียง วิทยุ ส่งเสียงดัง หรือทำกิจกรรมใด ๆ ที่ทำให้เกิดเสียงดังรบกวนผู้อื่น\r\n5. ห้ามนำสัตว์เลี้ยงทุกชนิดเข้ามาเลี้ยงในห้องพักอย่างเด็ดขาด\r\n6.ห้ามก่อการทะเลาะวิวาท ภายในบริเวณหอพัก\r\n7. ห้ามดื่มสุรา สูบบุหรี่ และสิ่งเสพติดทุกชนิดภายในบริเวณหอพัก\r\n8. ห้ามเล่นการพนันทุกชนิดภายในห้องพัก\r\n9. ห้ามตอกตะปู ติดรูป สติ๊กเกอร์ ภายในห้องพัก และทรัพย์สินของทางหอพัก หายพบจะต้องเสียค่าปรับจุดละ 50 บาท\r\n10. กรณีที่ทำลูกกุญแจหาย ปรับ 100 บาท / ลูก และบัตรคีย์การ์ดหาย ปรับ 200 บาท / ใบ\r\n11. ห้ามประกอบอาหาร โดยใช้แก๊สหุงต้มโดยเด็ดขาด\r\n12. ปิดน้ำประปา และไฟฟ้าให้เรียบร้อยก่อนออกจากห้องพักทุกครั้ง\r\n13. ทางหอพักจะไม่รับผิดชอบทรัพย์สินมีค่าใด ๆ ในกรณีที่เกิดการสูญหาย\r\n14. ทางหอพักได้จัดเตรียม ตู้เสื้อผ้า เตียงนอน ที่นอนสปริง ผ้ารองกันเปื้อน ผ้าปูที่นอน โต๊ะทำงาน พัดลม เครื่องทำน้ำอุ่น และผ้าม่านให้ผู้เช่าไว้พร้อมในห้องพัก แต่ถ้าอุปกรณ์เครื่องใช้เกิดการชำรุด หรือเสียหาย ทางผู้ให้เช่าจะยึดเงินค่าประกัน และเรียกเก็บเพิ่มตามแต่เห็นสมควรของมูลค่าทรัพย์สิน-อุปกรณ์ ที่ชำรุดเสียหายนั้น\r\n15. ทางหอพักสามารถเข้าได้ตลอด 24 ชั่วโมง หากผู้เช่าเข้าหอพักหลังเวลา 20.00 น. ให้ล็อคกุญแจประตูใหญ่ด้านหน้าทุกครั้ง\r\n16. เพื่อความปลอดภัยของผู้เช่าห้องพัก ทางผู้ดูแลหอพักได้บันทึกภาพกล้องวงจรปิดไว้ตลอด 24 ชั่วโมง ห้ามกระทำการใด ๆ ที่ผิดกฎระเบียบฯ หรือผิดกฎหมายอย่างเด็ดขาด\r\n17. ขยะก่อนนำมาทิ้งให้ใส่ถุงขยะที่มีตราของเทศบาลตำบลหนองป่าครั่งเท่านั้น\r\n18. ห้องพักสามารถพักได้ไม่เกิน 2 คน และต้องแจ้งให้ผู้เช่าทราบก่อนทุกครั่ง หากฝ่าฝืนปรับ 200 บาท / วัน หรือให้ออกจากห้องพักทันที\r\n** หากผู้เช่าทำผิดกฎระเบียบข้างต้น ผู้ให้เช่ามีสิทธิ์ให้ออกโดยไม่คืนค่าประกันไม่ว่ากรณีใด ๆ **');

--
-- Indexes for dumped tables
--

--
-- Indexes for table `air_gal`
--
ALTER TABLE `air_gal`
  ADD PRIMARY KEY (`gal_id`);

--
-- Indexes for table `appeal`
--
ALTER TABLE `appeal`
  ADD PRIMARY KEY (`appeal_id`);

--
-- Indexes for table `cost`
--
ALTER TABLE `cost`
  ADD PRIMARY KEY (`cost_id`);

--
-- Indexes for table `daily`
--
ALTER TABLE `daily`
  ADD PRIMARY KEY (`daily_id`);

--
-- Indexes for table `dailycost`
--
ALTER TABLE `dailycost`
  ADD PRIMARY KEY (`dailycost_id`);

--
-- Indexes for table `employee`
--
ALTER TABLE `employee`
  ADD PRIMARY KEY (`employee_id`);

--
-- Indexes for table `fan_gal`
--
ALTER TABLE `fan_gal`
  ADD PRIMARY KEY (`gal_id`);

--
-- Indexes for table `gallery`
--
ALTER TABLE `gallery`
  ADD PRIMARY KEY (`gallery_id`);

--
-- Indexes for table `login`
--
ALTER TABLE `login`
  ADD PRIMARY KEY (`username`);

--
-- Indexes for table `logs`
--
ALTER TABLE `logs`
  ADD PRIMARY KEY (`log_id`);

--
-- Indexes for table `package`
--
ALTER TABLE `package`
  ADD PRIMARY KEY (`package_id`);

--
-- Indexes for table `promptpay`
--
ALTER TABLE `promptpay`
  ADD PRIMARY KEY (`prompt_id`);

--
-- Indexes for table `repair`
--
ALTER TABLE `repair`
  ADD PRIMARY KEY (`repair_id`);

--
-- Indexes for table `reset_password_temp`
--
ALTER TABLE `reset_password_temp`
  ADD PRIMARY KEY (`re_id`);

--
-- Indexes for table `roomdetail`
--
ALTER TABLE `roomdetail`
  ADD PRIMARY KEY (`type`);

--
-- Indexes for table `roomlist`
--
ALTER TABLE `roomlist`
  ADD PRIMARY KEY (`room_id`);

--
-- Indexes for table `roommember`
--
ALTER TABLE `roommember`
  ADD PRIMARY KEY (`member_id`);

--
-- AUTO_INCREMENT for dumped tables
--

--
-- AUTO_INCREMENT for table `air_gal`
--
ALTER TABLE `air_gal`
  MODIFY `gal_id` int(11) NOT NULL AUTO_INCREMENT, AUTO_INCREMENT=8;

--
-- AUTO_INCREMENT for table `appeal`
--
ALTER TABLE `appeal`
  MODIFY `appeal_id` int(11) NOT NULL AUTO_INCREMENT;

--
-- AUTO_INCREMENT for table `cost`
--
ALTER TABLE `cost`
  MODIFY `cost_id` int(11) NOT NULL AUTO_INCREMENT, AUTO_INCREMENT=64;

--
-- AUTO_INCREMENT for table `daily`
--
ALTER TABLE `daily`
  MODIFY `daily_id` int(11) NOT NULL AUTO_INCREMENT, AUTO_INCREMENT=7;

--
-- AUTO_INCREMENT for table `employee`
--
ALTER TABLE `employee`
  MODIFY `employee_id` int(11) NOT NULL AUTO_INCREMENT, AUTO_INCREMENT=5;

--
-- AUTO_INCREMENT for table `fan_gal`
--
ALTER TABLE `fan_gal`
  MODIFY `gal_id` int(11) NOT NULL AUTO_INCREMENT, AUTO_INCREMENT=80;

--
-- AUTO_INCREMENT for table `gallery`
--
ALTER TABLE `gallery`
  MODIFY `gallery_id` int(11) NOT NULL AUTO_INCREMENT, AUTO_INCREMENT=39;

--
-- AUTO_INCREMENT for table `logs`
--
ALTER TABLE `logs`
  MODIFY `log_id` int(11) NOT NULL AUTO_INCREMENT, AUTO_INCREMENT=175;

--
-- AUTO_INCREMENT for table `package`
--
ALTER TABLE `package`
  MODIFY `package_id` int(11) NOT NULL AUTO_INCREMENT, AUTO_INCREMENT=14;

--
-- AUTO_INCREMENT for table `promptpay`
--
ALTER TABLE `promptpay`
  MODIFY `prompt_id` int(11) NOT NULL AUTO_INCREMENT, AUTO_INCREMENT=3;

--
-- AUTO_INCREMENT for table `repair`
--
ALTER TABLE `repair`
  MODIFY `repair_id` int(11) NOT NULL AUTO_INCREMENT, AUTO_INCREMENT=7;

--
-- AUTO_INCREMENT for table `reset_password_temp`
--
ALTER TABLE `reset_password_temp`
  MODIFY `re_id` int(11) NOT NULL AUTO_INCREMENT, AUTO_INCREMENT=3;

--
-- AUTO_INCREMENT for table `roommember`
--
ALTER TABLE `roommember`
  MODIFY `member_id` int(11) NOT NULL AUTO_INCREMENT, AUTO_INCREMENT=9;
COMMIT;

/*!40101 SET CHARACTER_SET_CLIENT=@OLD_CHARACTER_SET_CLIENT */;
/*!40101 SET CHARACTER_SET_RESULTS=@OLD_CHARACTER_SET_RESULTS */;
/*!40101 SET COLLATION_CONNECTION=@OLD_COLLATION_CONNECTION */;
